/*
Navicat MySQL Data Transfer

Source Server         : localhost_3306
Source Server Version : 50528
Source Host           : localhost:3306
Source Database       : vueblog2

Target Server Type    : MYSQL
Target Server Version : 50528
File Encoding         : 65001

Date: 2020-09-08 00:11:24
*/

SET FOREIGN_KEY_CHECKS=0;

-- ----------------------------
-- Table structure for `afavorites`
-- ----------------------------
DROP TABLE IF EXISTS `afavorites`;
CREATE TABLE `afavorites` (
  `id` int(11) NOT NULL AUTO_INCREMENT,
  `aid` int(11) DEFAULT NULL,
  `afavoriteDate` datetime DEFAULT NULL,
  `uid` int(11) DEFAULT NULL,
  PRIMARY KEY (`id`),
  KEY `aid` (`aid`),
  KEY `uid` (`uid`),
  CONSTRAINT `afavorites_afibfk_1` FOREIGN KEY (`aid`) REFERENCES `article` (`id`),
  CONSTRAINT `afavorites_afibfk_2` FOREIGN KEY (`uid`) REFERENCES `user` (`id`)
) ENGINE=InnoDB AUTO_INCREMENT=9 DEFAULT CHARSET=utf8;

-- ----------------------------
-- Records of afavorites
-- ----------------------------
INSERT INTO `afavorites` VALUES ('2', '1', '2019-12-24 10:05:20', '7');
INSERT INTO `afavorites` VALUES ('3', '1', '2019-12-24 10:05:20', '6');
INSERT INTO `afavorites` VALUES ('4', '1', '2019-12-24 10:05:20', '13');
INSERT INTO `afavorites` VALUES ('6', '1', '2020-09-06 02:16:17', '6052136');
INSERT INTO `afavorites` VALUES ('7', '135', '2020-09-06 14:00:01', '6052136');
INSERT INTO `afavorites` VALUES ('8', '126', '2020-09-07 20:49:31', '6052136');

-- ----------------------------
-- Table structure for `article`
-- ----------------------------
DROP TABLE IF EXISTS `article`;
CREATE TABLE `article` (
  `id` int(11) NOT NULL AUTO_INCREMENT,
  `title` varchar(255) DEFAULT NULL,
  `mdContent` text COMMENT 'md文件源码',
  `htmlContent` text COMMENT 'html源码',
  `summary` text,
  `cid` int(11) DEFAULT NULL,
  `uid` int(11) DEFAULT NULL,
  `pid` int(11) DEFAULT NULL,
  `publishDate` datetime DEFAULT NULL,
  `editTime` datetime DEFAULT NULL,
  `state` int(11) DEFAULT NULL COMMENT '0表示草稿箱，1表示已发表，2表示已删除',
  `pageView` int(11) DEFAULT '0',
  `viewCount` int(11) DEFAULT '0',
  PRIMARY KEY (`id`),
  KEY `cid` (`cid`),
  KEY `uid` (`uid`),
  KEY `pid` (`pid`),
  CONSTRAINT `article_ibfk_1` FOREIGN KEY (`cid`) REFERENCES `category` (`id`),
  CONSTRAINT `article_ibfk_2` FOREIGN KEY (`uid`) REFERENCES `user` (`id`),
  CONSTRAINT `article_ibfk_3` FOREIGN KEY (`pid`) REFERENCES `plate` (`id`)
) ENGINE=InnoDB AUTO_INCREMENT=143 DEFAULT CHARSET=utf8;

-- ----------------------------
-- Records of article
-- ----------------------------
INSERT INTO `article` VALUES ('1', '一篇文章', '文章内容', '<p>文章内容</p>', '文章摘要,全部', '60', '1', '4', '2020-08-24 10:05:20', '2020-09-02 17:05:20', '1', '1', '1018');
INSERT INTO `article` VALUES ('122', '放假回来的深渊！单S理律拿下冰伤贝贝龙778分！', '配置：\n\n\n![image.png](http://localhost:8081/img/articleimg/20200902/5039ab04-353e-40a9-9bf0-5b8a6f71b9fd_image.png)\n流程：\n\n\n云墨大招+理律大招打两轮完成击杀。\n\nP1没有人偶建议直接丢武器主动，然后等龙下来再打一轮炮击。再开大，也是2**招击杀，分数稍微低一点。\n\n', '<p>配置：</p>\n<p><img src=\"http://localhost:8081/img/articleimg/20200902/5039ab04-353e-40a9-9bf0-5b8a6f71b9fd_image.png\" alt=\"image.png\" /><br />\n流程：</p>\n<p>云墨大招+理律大招打两轮完成击杀。</p>\n<p>P1没有人偶建议直接丢武器主动，然后等龙下来再打一轮炮击。再开大，也是2**招击杀，分数稍微低一点。</p>\n', '配置：\n\n流程：\n云墨大招+理律大招打两轮完成击杀。\nP1没有人偶建议直接丢武器主动，然后等龙下来再,全部', null, '6052136', '4', '2020-09-02 19:18:01', '2020-09-02 19:18:01', '1', '0', '5');
INSERT INTO `article` VALUES ('123', '【送月卡】骚套路玩的一套一套！我们老咸鱼已经丧心病狂！', '::: hljs-left\n\n\n![image.png](http://localhost:8081/img/articleimg/20200902/040619e7-6ea3-42c7-8c77-06fc0e2ebbc2_image.png)\n爆肝了这么久，终于来啦！\n\n求个三连好不好！！！\n\n这期做的非常简陋，主要想听听大家的反馈吧\n\n有什么建议批评，都可以在评论区下方留言！\n\n我会看的\n\n\n\n那么这期\n\n抽一个大月卡跟两个月卡\n\n送给关注我的粉丝们！\n\n在下方评论即可参与！\n\n::: hljs-left\n\n居左\n\n:::\n\n\n:::\n', '<div class=\"hljs-left\">\n<p><img src=\"http://localhost:8081/img/articleimg/20200902/040619e7-6ea3-42c7-8c77-06fc0e2ebbc2_image.png\" alt=\"image.png\" /><br />\n爆肝了这么久，终于来啦！</p>\n<p>求个三连好不好！！！</p>\n<p>这期做的非常简陋，主要想听听大家的反馈吧</p>\n<p>有什么建议批评，都可以在评论区下方留言！</p>\n<p>我会看的</p>\n<p>那么这期</p>\n<p>抽一个大月卡跟两个月卡</p>\n<p>送给关注我的粉丝们！</p>\n<p>在下方评论即可参与！</p>\n<div class=\"hljs-left\">\n<p>居左</p>\n</div>\n</div>\n<p>:::</p>\n', '\n\n爆肝了这么久，终于来啦！\n求个三连好不好！！！\n这期做的非常简陋，主要想听听大家的反馈吧\n有什么', null, '6052136', '4', '2020-09-02 19:24:13', '2020-09-02 19:24:13', '1', '0', '0');
INSERT INTO `article` VALUES ('124', '【跟班告诉你】终极区深渊调整方案', '::: hljs-left\n\n\n![image.png](http://localhost:8081/img/articleimg/20200902/c42c69ea-1144-4a2f-aecb-752916421ead_image.png)\n亲爱的舰长：\n\n在终极区深渊暂时关闭的这段时间，我们对终极区深渊的调整方案进行了多次讨论，感谢舰长的耐心等待~今天小跟班会为大家说明深渊终极区的最新调整方案。舰长如果有任何建议，依然可以通过评论的方式告诉我们~\n\n\n\n=====小跟班划重点=====\n\n1）取消了终极区深渊的赛季结算机制，不再有赛季结算掉段了。\n\n2）对原本终极区的13个段位进行压缩，减少至9个段位（减少了禁忌、红莲的段位数量）。\n\n3）整体提升了奖杯所对应的段位和水晶奖励。\n\n4）调整了不同段位、排名间的奖杯获取数量。调整为在小组一定名次范围内，舰长可以获取相同的奖杯数量。\n\n接下来小跟班会为大家进行详细的介绍。\n\n\n\n=====移除深渊赛季重置机制=====\n\n终极区深渊的赛季结算规则是目前舰长们较为关心的内容之一，我们仔细查看了舰长们的相关讨论和建议，也进行了反思——赛季结算深渊掉段的设计，确实可能会给舰长增加更大的冲段压力。为此，我们决定取消终极区深渊的赛季结算机制。\n\n调整结算机制后，相关内容也会进行调整：\n\n1）不再进行每个赛季深渊结算掉段。\n\n2）虚拟奖杯的数量不再进行重置，后续也将不再发放。\n\n*舰长目前拥有的初始虚拟奖杯和晋升红莲后首次获得的额外虚拟奖杯不受影响。\n\n3）取消了赛季深渊结算水晶，提高了各奖杯数获得的水晶的总量，使每个赛季内可以获得的水晶整体提高。\n\n\n\n=====提升了同奖杯数下的段位与奖励=====\n\n除了赛季深渊结算的取消，调整后的终极区深渊将对原本的13个段位进行压缩，减少至9个段位；同时，整体提升奖杯所对应的段位和水晶奖励。\n\n也就是说，对比调整前的深渊，同样的奖杯数在调整后的终极区深渊可以直接达到更高的段位，获得更好的奖励。\n\n具体相关的调整如下：\n\n![image.png](http://localhost:8081/img/articleimg/20200902/af52400c-52a3-4e34-aed2-3dbbdebcb92d_image.png)\n\n（此水晶数量包含每期的深渊任务）\n\n*小跟班贴士\n\n在调整后的深渊终极区中，由于取消了赛季深渊结算掉段的机制，可能会出现奖杯数无限累加的情况。因此，目前暂定调整后的深渊将每隔2个版本，对累计3000以上的奖杯进行重置。\n\n也就是说，如果舰长在结算时，累计的奖杯数超过了3000，将会重置到3000（3000以下的舰长不受任何影响）。\n\n*关于奖杯数累计的问题，后续版本里我们会持续关注舰长反馈并进行优化迭代。\n\n\n\n◆无限公爵勋章加强\n\n对于无限组别的大佬，我们会对无限公爵勋章进行加强。由于勋章会涉及到战斗数值相关，所以会先经过测试服测试后，在4.3版本正式上线，具体调整舰长可以关注测试服消息。\n\n\n\n=====调整了段位奖杯获取数量=====\n\n调整前的深渊终极区，各相邻名次间的奖杯数量都存在差距，这就导致了小组内可能出现非常激烈的竞争情况。\n\n针对这一问题，制作组调整了不同段位、排名间的奖杯获取数量。调整后，在小组一定名次范围内，可获取的奖杯是相同的。\n\n具体调整情况如下：\n\n![image.png](http://localhost:8081/img/articleimg/20200902/032a51e1-17c9-4782-af85-5782d7ed5327_image.png)\n\n*每组上限人数20人，少数不足20人的组别，获取的奖杯数会根据每组当前人数产生相应变化。\n\n\n\n=====小跟班的FAQ=====\n\n为了对调整后的内容有个更为清晰的说明，小跟班给大家举一些具体的例子，更直观地感受深渊的调整变化：\n\n\n![image.png](http://localhost:8081/img/articleimg/20200902/f9fb74ee-bd38-41c0-961b-c53763841845_image.png)\n\n\n*在本次调整后，原本持续5期的临时调整将不再进行。\n\n\n\n以上就是本次的调整方案，舰长如果有任何建议与意见，可以通过评论的方式告诉我们。\n\n同时，以上深渊终极区的调整我们也会在今日加开的测试服中进行测试，辛苦舰长继续参与测试，并向我们提供宝贵建议，我们会持续关注大家的反馈~\n\n\n\n*以上内容来自测试服，不代表最终上线品质。请以正式服内表现为准。\n\n:::\n', '<div class=\"hljs-left\">\n<p><img src=\"http://localhost:8081/img/articleimg/20200902/c42c69ea-1144-4a2f-aecb-752916421ead_image.png\" alt=\"image.png\" /><br />\n亲爱的舰长：</p>\n<p>在终极区深渊暂时关闭的这段时间，我们对终极区深渊的调整方案进行了多次讨论，感谢舰长的耐心等待<sub>今天小跟班会为大家说明深渊终极区的最新调整方案。舰长如果有任何建议，依然可以通过评论的方式告诉我们</sub></p>\n<p>=<mark><mark>小跟班划重点</mark></mark>=</p>\n<p>1）取消了终极区深渊的赛季结算机制，不再有赛季结算掉段了。</p>\n<p>2）对原本终极区的13个段位进行压缩，减少至9个段位（减少了禁忌、红莲的段位数量）。</p>\n<p>3）整体提升了奖杯所对应的段位和水晶奖励。</p>\n<p>4）调整了不同段位、排名间的奖杯获取数量。调整为在小组一定名次范围内，舰长可以获取相同的奖杯数量。</p>\n<p>接下来小跟班会为大家进行详细的介绍。</p>\n<p>=<mark><mark>移除深渊赛季重置机制</mark></mark>=</p>\n<p>终极区深渊的赛季结算规则是目前舰长们较为关心的内容之一，我们仔细查看了舰长们的相关讨论和建议，也进行了反思——赛季结算深渊掉段的设计，确实可能会给舰长增加更大的冲段压力。为此，我们决定取消终极区深渊的赛季结算机制。</p>\n<p>调整结算机制后，相关内容也会进行调整：</p>\n<p>1）不再进行每个赛季深渊结算掉段。</p>\n<p>2）虚拟奖杯的数量不再进行重置，后续也将不再发放。</p>\n<p>*舰长目前拥有的初始虚拟奖杯和晋升红莲后首次获得的额外虚拟奖杯不受影响。</p>\n<p>3）取消了赛季深渊结算水晶，提高了各奖杯数获得的水晶的总量，使每个赛季内可以获得的水晶整体提高。</p>\n<p>=<mark><mark>提升了同奖杯数下的段位与奖励</mark></mark>=</p>\n<p>除了赛季深渊结算的取消，调整后的终极区深渊将对原本的13个段位进行压缩，减少至9个段位；同时，整体提升奖杯所对应的段位和水晶奖励。</p>\n<p>也就是说，对比调整前的深渊，同样的奖杯数在调整后的终极区深渊可以直接达到更高的段位，获得更好的奖励。</p>\n<p>具体相关的调整如下：</p>\n<p><img src=\"http://localhost:8081/img/articleimg/20200902/af52400c-52a3-4e34-aed2-3dbbdebcb92d_image.png\" alt=\"image.png\" /></p>\n<p>（此水晶数量包含每期的深渊任务）</p>\n<p>*小跟班贴士</p>\n<p>在调整后的深渊终极区中，由于取消了赛季深渊结算掉段的机制，可能会出现奖杯数无限累加的情况。因此，目前暂定调整后的深渊将每隔2个版本，对累计3000以上的奖杯进行重置。</p>\n<p>也就是说，如果舰长在结算时，累计的奖杯数超过了3000，将会重置到3000（3000以下的舰长不受任何影响）。</p>\n<p>*关于奖杯数累计的问题，后续版本里我们会持续关注舰长反馈并进行优化迭代。</p>\n<p>◆无限公爵勋章加强</p>\n<p>对于无限组别的大佬，我们会对无限公爵勋章进行加强。由于勋章会涉及到战斗数值相关，所以会先经过测试服测试后，在4.3版本正式上线，具体调整舰长可以关注测试服消息。</p>\n<p>=<mark><mark>调整了段位奖杯获取数量</mark></mark>=</p>\n<p>调整前的深渊终极区，各相邻名次间的奖杯数量都存在差距，这就导致了小组内可能出现非常激烈的竞争情况。</p>\n<p>针对这一问题，制作组调整了不同段位、排名间的奖杯获取数量。调整后，在小组一定名次范围内，可获取的奖杯是相同的。</p>\n<p>具体调整情况如下：</p>\n<p><img src=\"http://localhost:8081/img/articleimg/20200902/032a51e1-17c9-4782-af85-5782d7ed5327_image.png\" alt=\"image.png\" /></p>\n<p>*每组上限人数20人，少数不足20人的组别，获取的奖杯数会根据每组当前人数产生相应变化。</p>\n<p>=<mark><mark>小跟班的FAQ</mark></mark>=</p>\n<p>为了对调整后的内容有个更为清晰的说明，小跟班给大家举一些具体的例子，更直观地感受深渊的调整变化：</p>\n<p><img src=\"http://localhost:8081/img/articleimg/20200902/f9fb74ee-bd38-41c0-961b-c53763841845_image.png\" alt=\"image.png\" /></p>\n<p>*在本次调整后，原本持续5期的临时调整将不再进行。</p>\n<p>以上就是本次的调整方案，舰长如果有任何建议与意见，可以通过评论的方式告诉我们。</p>\n<p>同时，以上深渊终极区的调整我们也会在今日加开的测试服中进行测试，辛苦舰长继续参与测试，并向我们提供宝贵建议，我们会持续关注大家的反馈~</p>\n<p>*以上内容来自测试服，不代表最终上线品质。请以正式服内表现为准。</p>\n</div>\n', '\n\n亲爱的舰长：\n在终极区深渊暂时关闭的这段时间，我们对终极区深渊的调整方案进行了多次讨论，感谢舰长,全部', null, '6052136', '4', '2020-09-02 19:26:41', '2020-09-02 19:26:41', '1', '0', '0');
INSERT INTO `article` VALUES ('125', '【跟班告诉你】终极区深渊调整方案', '::: hljs-left\n\n\n![image.png](http://localhost:8081/img/articleimg/20200902/c42c69ea-1144-4a2f-aecb-752916421ead_image.png)\n亲爱的舰长：\n\n在终极区深渊暂时关闭的这段时间，我们对终极区深渊的调整方案进行了多次讨论，感谢舰长的耐心等待~今天小跟班会为大家说明深渊终极区的最新调整方案。舰长如果有任何建议，依然可以通过评论的方式告诉我们~\n\n\n\n=====小跟班划重点=====\n\n1）取消了终极区深渊的赛季结算机制，不再有赛季结算掉段了。\n\n2）对原本终极区的13个段位进行压缩，减少至9个段位（减少了禁忌、红莲的段位数量）。\n\n3）整体提升了奖杯所对应的段位和水晶奖励。\n\n4）调整了不同段位、排名间的奖杯获取数量。调整为在小组一定名次范围内，舰长可以获取相同的奖杯数量。\n\n接下来小跟班会为大家进行详细的介绍。\n\n\n\n=====移除深渊赛季重置机制=====\n\n终极区深渊的赛季结算规则是目前舰长们较为关心的内容之一，我们仔细查看了舰长们的相关讨论和建议，也进行了反思——赛季结算深渊掉段的设计，确实可能会给舰长增加更大的冲段压力。为此，我们决定取消终极区深渊的赛季结算机制。\n\n调整结算机制后，相关内容也会进行调整：\n\n1）不再进行每个赛季深渊结算掉段。\n\n2）虚拟奖杯的数量不再进行重置，后续也将不再发放。\n\n*舰长目前拥有的初始虚拟奖杯和晋升红莲后首次获得的额外虚拟奖杯不受影响。\n\n3）取消了赛季深渊结算水晶，提高了各奖杯数获得的水晶的总量，使每个赛季内可以获得的水晶整体提高。\n\n\n\n=====提升了同奖杯数下的段位与奖励=====\n\n除了赛季深渊结算的取消，调整后的终极区深渊将对原本的13个段位进行压缩，减少至9个段位；同时，整体提升奖杯所对应的段位和水晶奖励。\n\n也就是说，对比调整前的深渊，同样的奖杯数在调整后的终极区深渊可以直接达到更高的段位，获得更好的奖励。\n\n具体相关的调整如下：\n\n![image.png](http://localhost:8081/img/articleimg/20200902/af52400c-52a3-4e34-aed2-3dbbdebcb92d_image.png)\n\n（此水晶数量包含每期的深渊任务）\n\n*小跟班贴士\n\n在调整后的深渊终极区中，由于取消了赛季深渊结算掉段的机制，可能会出现奖杯数无限累加的情况。因此，目前暂定调整后的深渊将每隔2个版本，对累计3000以上的奖杯进行重置。\n\n也就是说，如果舰长在结算时，累计的奖杯数超过了3000，将会重置到3000（3000以下的舰长不受任何影响）。\n\n*关于奖杯数累计的问题，后续版本里我们会持续关注舰长反馈并进行优化迭代。\n\n\n\n◆无限公爵勋章加强\n\n对于无限组别的大佬，我们会对无限公爵勋章进行加强。由于勋章会涉及到战斗数值相关，所以会先经过测试服测试后，在4.3版本正式上线，具体调整舰长可以关注测试服消息。\n\n\n\n=====调整了段位奖杯获取数量=====\n\n调整前的深渊终极区，各相邻名次间的奖杯数量都存在差距，这就导致了小组内可能出现非常激烈的竞争情况。\n\n针对这一问题，制作组调整了不同段位、排名间的奖杯获取数量。调整后，在小组一定名次范围内，可获取的奖杯是相同的。\n\n具体调整情况如下：\n\n![image.png](http://localhost:8081/img/articleimg/20200902/032a51e1-17c9-4782-af85-5782d7ed5327_image.png)\n\n*每组上限人数20人，少数不足20人的组别，获取的奖杯数会根据每组当前人数产生相应变化。\n\n\n\n=====小跟班的FAQ=====\n\n为了对调整后的内容有个更为清晰的说明，小跟班给大家举一些具体的例子，更直观地感受深渊的调整变化：\n\n\n![image.png](http://localhost:8081/img/articleimg/20200902/f9fb74ee-bd38-41c0-961b-c53763841845_image.png)\n\n\n*在本次调整后，原本持续5期的临时调整将不再进行。\n\n\n\n以上就是本次的调整方案，舰长如果有任何建议与意见，可以通过评论的方式告诉我们。\n\n同时，以上深渊终极区的调整我们也会在今日加开的测试服中进行测试，辛苦舰长继续参与测试，并向我们提供宝贵建议，我们会持续关注大家的反馈~\n\n\n\n*以上内容来自测试服，不代表最终上线品质。请以正式服内表现为准。\n\n:::\n', '<div class=\"hljs-left\">\n<p><img src=\"http://localhost:8081/img/articleimg/20200902/c42c69ea-1144-4a2f-aecb-752916421ead_image.png\" alt=\"image.png\" /><br />\n亲爱的舰长：</p>\n<p>在终极区深渊暂时关闭的这段时间，我们对终极区深渊的调整方案进行了多次讨论，感谢舰长的耐心等待<sub>今天小跟班会为大家说明深渊终极区的最新调整方案。舰长如果有任何建议，依然可以通过评论的方式告诉我们</sub></p>\n<p>=<mark><mark>小跟班划重点</mark></mark>=</p>\n<p>1）取消了终极区深渊的赛季结算机制，不再有赛季结算掉段了。</p>\n<p>2）对原本终极区的13个段位进行压缩，减少至9个段位（减少了禁忌、红莲的段位数量）。</p>\n<p>3）整体提升了奖杯所对应的段位和水晶奖励。</p>\n<p>4）调整了不同段位、排名间的奖杯获取数量。调整为在小组一定名次范围内，舰长可以获取相同的奖杯数量。</p>\n<p>接下来小跟班会为大家进行详细的介绍。</p>\n<p>=<mark><mark>移除深渊赛季重置机制</mark></mark>=</p>\n<p>终极区深渊的赛季结算规则是目前舰长们较为关心的内容之一，我们仔细查看了舰长们的相关讨论和建议，也进行了反思——赛季结算深渊掉段的设计，确实可能会给舰长增加更大的冲段压力。为此，我们决定取消终极区深渊的赛季结算机制。</p>\n<p>调整结算机制后，相关内容也会进行调整：</p>\n<p>1）不再进行每个赛季深渊结算掉段。</p>\n<p>2）虚拟奖杯的数量不再进行重置，后续也将不再发放。</p>\n<p>*舰长目前拥有的初始虚拟奖杯和晋升红莲后首次获得的额外虚拟奖杯不受影响。</p>\n<p>3）取消了赛季深渊结算水晶，提高了各奖杯数获得的水晶的总量，使每个赛季内可以获得的水晶整体提高。</p>\n<p>=<mark><mark>提升了同奖杯数下的段位与奖励</mark></mark>=</p>\n<p>除了赛季深渊结算的取消，调整后的终极区深渊将对原本的13个段位进行压缩，减少至9个段位；同时，整体提升奖杯所对应的段位和水晶奖励。</p>\n<p>也就是说，对比调整前的深渊，同样的奖杯数在调整后的终极区深渊可以直接达到更高的段位，获得更好的奖励。</p>\n<p>具体相关的调整如下：</p>\n<p><img src=\"http://localhost:8081/img/articleimg/20200902/af52400c-52a3-4e34-aed2-3dbbdebcb92d_image.png\" alt=\"image.png\" /></p>\n<p>（此水晶数量包含每期的深渊任务）</p>\n<p>*小跟班贴士</p>\n<p>在调整后的深渊终极区中，由于取消了赛季深渊结算掉段的机制，可能会出现奖杯数无限累加的情况。因此，目前暂定调整后的深渊将每隔2个版本，对累计3000以上的奖杯进行重置。</p>\n<p>也就是说，如果舰长在结算时，累计的奖杯数超过了3000，将会重置到3000（3000以下的舰长不受任何影响）。</p>\n<p>*关于奖杯数累计的问题，后续版本里我们会持续关注舰长反馈并进行优化迭代。</p>\n<p>◆无限公爵勋章加强</p>\n<p>对于无限组别的大佬，我们会对无限公爵勋章进行加强。由于勋章会涉及到战斗数值相关，所以会先经过测试服测试后，在4.3版本正式上线，具体调整舰长可以关注测试服消息。</p>\n<p>=<mark><mark>调整了段位奖杯获取数量</mark></mark>=</p>\n<p>调整前的深渊终极区，各相邻名次间的奖杯数量都存在差距，这就导致了小组内可能出现非常激烈的竞争情况。</p>\n<p>针对这一问题，制作组调整了不同段位、排名间的奖杯获取数量。调整后，在小组一定名次范围内，可获取的奖杯是相同的。</p>\n<p>具体调整情况如下：</p>\n<p><img src=\"http://localhost:8081/img/articleimg/20200902/032a51e1-17c9-4782-af85-5782d7ed5327_image.png\" alt=\"image.png\" /></p>\n<p>*每组上限人数20人，少数不足20人的组别，获取的奖杯数会根据每组当前人数产生相应变化。</p>\n<p>=<mark><mark>小跟班的FAQ</mark></mark>=</p>\n<p>为了对调整后的内容有个更为清晰的说明，小跟班给大家举一些具体的例子，更直观地感受深渊的调整变化：</p>\n<p><img src=\"http://localhost:8081/img/articleimg/20200902/f9fb74ee-bd38-41c0-961b-c53763841845_image.png\" alt=\"image.png\" /></p>\n<p>*在本次调整后，原本持续5期的临时调整将不再进行。</p>\n<p>以上就是本次的调整方案，舰长如果有任何建议与意见，可以通过评论的方式告诉我们。</p>\n<p>同时，以上深渊终极区的调整我们也会在今日加开的测试服中进行测试，辛苦舰长继续参与测试，并向我们提供宝贵建议，我们会持续关注大家的反馈~</p>\n<p>*以上内容来自测试服，不代表最终上线品质。请以正式服内表现为准。</p>\n</div>\n', '\n\n亲爱的舰长：\n在终极区深渊暂时关闭的这段时间，我们对终极区深渊的调整方案进行了多次讨论，感谢舰长', null, '6052136', '5', '2020-09-02 19:27:54', '2020-09-02 19:27:54', '1', '0', '0');
INSERT INTO `article` VALUES ('126', '【公告】深渊终极区升段奖励获取调整说明', '亲爱的舰长：\n\n配合深渊终极区规则调整，制作组将取消终极区【结算奖励-升段奖励】的奖励获取要求，这部分奖励会直接发放给舰长。即无论舰长是否达到相应段位，均可在进入深渊终极区后，直接获得总计远古意志*10、远古传承*45的升段奖励。\n\n\n\n◆在调整前，已领取了其中部分升段奖励的舰长，剩余的升段奖励将在5个工作日内通过邮件补发给舰长。\n\n◆调整后进入终极区的舰长，在首次进入终极区时即可直接领取所有【升段奖励】。\n\n\n\n*以上调整预计于9月2日16:30上线，具体时间以线上更新公告为准。\n\n\n\n附：原升段奖励和奖励获取规则如下（以下升段奖励仅可获取一次）：\n\n◆禁忌→原罪：可获得远古意志*10\n\n◆原罪→苦痛：可获得远古传承*10\n\n◆苦痛→红莲：可获得远古传承*15\n\n◆红莲→寂灭：可获得远古传承*20\n\n![image.png](http://localhost:8081/img/articleimg/20200902/4d13d3a3-c4e7-40b7-b8fc-0748c98750c4_image.png)', '<p>亲爱的舰长：</p>\n<p>配合深渊终极区规则调整，制作组将取消终极区【结算奖励-升段奖励】的奖励获取要求，这部分奖励会直接发放给舰长。即无论舰长是否达到相应段位，均可在进入深渊终极区后，直接获得总计远古意志<em>10、远古传承</em>45的升段奖励。</p>\n<p>◆在调整前，已领取了其中部分升段奖励的舰长，剩余的升段奖励将在5个工作日内通过邮件补发给舰长。</p>\n<p>◆调整后进入终极区的舰长，在首次进入终极区时即可直接领取所有【升段奖励】。</p>\n<p>*以上调整预计于9月2日16:30上线，具体时间以线上更新公告为准。</p>\n<p>附：原升段奖励和奖励获取规则如下（以下升段奖励仅可获取一次）：</p>\n<p>◆禁忌→原罪：可获得远古意志*10</p>\n<p>◆原罪→苦痛：可获得远古传承*10</p>\n<p>◆苦痛→红莲：可获得远古传承*15</p>\n<p>◆红莲→寂灭：可获得远古传承*20</p>\n<p><img src=\"http://localhost:8081/img/articleimg/20200902/4d13d3a3-c4e7-40b7-b8fc-0748c98750c4_image.png\" alt=\"image.png\" /></p>\n', '亲爱的舰长：\n配合深渊终极区规则调整，制作组将取消终极区【结算奖励-升段奖励】的奖励获取要求，这部分,全部', null, '6052136', '5', '2020-09-02 19:28:53', '2020-09-02 19:28:53', '1', '0', '1');
INSERT INTO `article` VALUES ('127', '【记忆战场小课堂】你来问我来答 第十七期', '::: hljs-left\n\n记忆战场小课堂」你来问我来答 【9.1-9.6】\n\n\n\n![abaacf084588498417b832715a1d0947_93537438898464463.jpg](http://localhost:8081/img/articleimg/20200902/7aa94285-d1f5-43ac-a6b9-a8b32614dece_abaacf084588498417b832715a1d0947_93537438898464463.jpg)\n写在前面：上周深渊放假了一周，真的是休闲了好多，这周深渊又重新开放，又要照常上班了，小伙伴们加油肝，争取早日上寂灭，我们先来看本期的记忆战场把。\n\n\n\n本解答贴专用于每周记忆战场内容解答，各位小伙伴对于每周当期的记忆战场问题都可以来本贴下提问哦， 我们会尽力帮助各位解决问题。\n\n【本期是第十七期，回顾上期就点击下方传送门哦~】\n\n【记忆战场小课堂】你来问我来答 第十六期\n\n一些须知事项：\n\n\n1、不可以任何形式违反版规，无关内容会酌情删除。\n\n\n\n2、本解答帖非官方解答，仅依靠自己的经验做出判断。\n\n\n\n3、为了和每周的答疑帖作区分，本帖主营记忆战场相关 阵容搭配、角色分配、BOSS攻略技巧、装备分配与选择和记忆战场提分手段等问题，其他游戏内问题可以到玩家版主的答疑时间的帖子下面询问，本周链接是指尖弧光鸽鸽主持的【玩家版主的答疑时间一第四十一期】\n\n4、记忆战场答疑需要考验每位舰长的仓库和角色水平，舰长可以截图自己的仓库和角色到评论区来询问，因为会回答的比较详细，所以没有及时回答各位舰长的消息还请舰长们稍作等待哦，我们都会回答到的。\n\n\n\n5、评论区目前主要是我来维护，一般在星期二、星期三或星期四的时候我们会自己打一些素材，可能也会分享其他小伙伴的视频作业，更新在帖子下面，评论区同时也会有其他小伙伴来回答问题哒。\n\n\n\n6、本帖主营答疑内容，与问答无关的内容会被酌情考虑删除。\n\n\n\n简要解读\n本周记忆战场（2020.9.1-2020.9.6）：\n\n\n![c3d9b166c235b263a61dbdd2d66b363f_7073614179039883402.png](http://localhost:8081/img/articleimg/20200902/de1a6d28-c301-419d-a058-fcfade08d634_c3d9b166c235b263a61dbdd2d66b363f_7073614179039883402.png)\n本周战场总结：乍一眼看上去十分令人头疼的阵容，3个BOSS的最基本攻略手段都是使用元素队来进行攻略，实际上仔细分析后并不会太难，很多BOSS也有可以替代的点和替代阵容，也不会有硬指标的三套叶等情况，不过这期记忆战场的高分阵容确实需要比平常更高的配置，更加考验舰长们养成的综合水平。本期战场也是超限劫灭的首秀，女王和月魂都可以用超限劫灭提升各自阵容的上限。\n\n\n\n高分一档阵容推荐（1：分数上限十分高，大概率是顶分阵容）：女王：黑希（2S+）+山吹+观星，月魄：雷律+月光+粉毛，月魂：鬼铠+圣女+月轮\n\n高分一档阵容推荐（2：省头发，轻松高分）：女王：云墨+真炎+真红，月魄：雷律+月光+粉毛，月魂：鬼铠+圣女+月轮\n\n\n\n标准一档阵容推荐1：女王：云墨+真炎+真红（可以不带叶），月魄：雷律+月光+粉毛，月魂：鬼铠+圣女+月轮\n\n\n\n标准一档阵容推荐2：女王：鬼铠+观星+月魄，月魄：雷律+圣女+粉毛，月魂：云墨+真炎+真红。\n\n\n\n标准一档阵容推荐3：女王：炽翎+深红+勿忘，月魄：雷律+圣女+粉毛，月魂：云墨+真炎+真红\n\n\n\n二档阵容推荐（无真红+无雷律+无理律）：女王：炽翎+深红+勿忘，月魄：鬼铠+圣女+迅羽，月魂：月光+神恩+游侠\n\n\n\n二档阵容推荐（无雷律）：女王：炽翎+深红+理律/勿忘，月魄：鬼铠+圣女+迅羽，月魂：月光+神恩+游侠\n\n\n空之律者：\n本期建议用来攻略的阵容有：\n\n云真炎（推荐）：在劫灭超限了以后，这个阵容打女王会十分的批发，分数也十分可观，而且最重要的一点，不用带叶\n\n鬼铠+疾风+理律：并不是很建议，可以把鬼铠搭配圣女拉去打月魂，这个阵容很凹\n\n炽翎/云墨+深红+勿忘：凹猫凹站位，需要双猫，并不是特别的凹，但是单S勿忘会比较难打，需要2S起步。\n\n鬼铠+观星+月魄：分数在370+，根据月魄的星级会提高，适合没叶的小伙伴。\n\n\n\n辉骑士-月魄：\n本期建议用来攻略的阵容有：\n\n雷圣粉（推荐）：一共两种打法，一种双牛，一种圣女携带贝下，两者出分差距不大。单S可以达到比较轻松的获得37760+的分数，难度也偏低，非常的舒服，但是需要一条到两条的SP回复词缀，没有的话也可以打，分数偏低一点点。\n\n雷云粉：分数在37440左右，会锁云墨，本期并不推荐。\n\n鬼圣迅（推荐）：已经打了好几期了，出分高低基本在二阶段月魄开盾期间对时空和闪避的掌控。\n\n雷月粉（推荐）：月光需要带超限空无 月光需要3s，2s和单s分数会降低但是不多 可以省出圣女并且不亏太多的分数，本期非常推荐\n\n苍骑士-月魂：\n本期建议用来攻略的阵容：\n\n云真炎（推荐）：有了超限劫灭的加入，已经不可能锁血了，甚至不需要叶也可以出分。\n\n鬼圣轮（推荐）：分数极高，出分难度也不高，打起来还很解压。\n\n月神游：凹猫凹暴击\n\n鬼观魄：比较简单，分数可能略低。\n\n\n\n中低配阵容的问题舰长们可以发送到评论区来提问哦~\n\n:::\n', '<div class=\"hljs-left\">\n<p>记忆战场小课堂」你来问我来答 【9.1-9.6】</p>\n<p><img src=\"http://localhost:8081/img/articleimg/20200902/7aa94285-d1f5-43ac-a6b9-a8b32614dece_abaacf084588498417b832715a1d0947_93537438898464463.jpg\" alt=\"abaacf084588498417b832715a1d0947_93537438898464463.jpg\" /><br />\n写在前面：上周深渊放假了一周，真的是休闲了好多，这周深渊又重新开放，又要照常上班了，小伙伴们加油肝，争取早日上寂灭，我们先来看本期的记忆战场把。</p>\n<p>本解答贴专用于每周记忆战场内容解答，各位小伙伴对于每周当期的记忆战场问题都可以来本贴下提问哦， 我们会尽力帮助各位解决问题。</p>\n<p>【本期是第十七期，回顾上期就点击下方传送门哦~】</p>\n<p>【记忆战场小课堂】你来问我来答 第十六期</p>\n<p>一些须知事项：</p>\n<p>1、不可以任何形式违反版规，无关内容会酌情删除。</p>\n<p>2、本解答帖非官方解答，仅依靠自己的经验做出判断。</p>\n<p>3、为了和每周的答疑帖作区分，本帖主营记忆战场相关 阵容搭配、角色分配、BOSS攻略技巧、装备分配与选择和记忆战场提分手段等问题，其他游戏内问题可以到玩家版主的答疑时间的帖子下面询问，本周链接是指尖弧光鸽鸽主持的【玩家版主的答疑时间一第四十一期】</p>\n<p>4、记忆战场答疑需要考验每位舰长的仓库和角色水平，舰长可以截图自己的仓库和角色到评论区来询问，因为会回答的比较详细，所以没有及时回答各位舰长的消息还请舰长们稍作等待哦，我们都会回答到的。</p>\n<p>5、评论区目前主要是我来维护，一般在星期二、星期三或星期四的时候我们会自己打一些素材，可能也会分享其他小伙伴的视频作业，更新在帖子下面，评论区同时也会有其他小伙伴来回答问题哒。</p>\n<p>6、本帖主营答疑内容，与问答无关的内容会被酌情考虑删除。</p>\n<p>简要解读<br />\n本周记忆战场（2020.9.1-2020.9.6）：</p>\n<p><img src=\"http://localhost:8081/img/articleimg/20200902/de1a6d28-c301-419d-a058-fcfade08d634_c3d9b166c235b263a61dbdd2d66b363f_7073614179039883402.png\" alt=\"c3d9b166c235b263a61dbdd2d66b363f_7073614179039883402.png\" /><br />\n本周战场总结：乍一眼看上去十分令人头疼的阵容，3个BOSS的最基本攻略手段都是使用元素队来进行攻略，实际上仔细分析后并不会太难，很多BOSS也有可以替代的点和替代阵容，也不会有硬指标的三套叶等情况，不过这期记忆战场的高分阵容确实需要比平常更高的配置，更加考验舰长们养成的综合水平。本期战场也是超限劫灭的首秀，女王和月魂都可以用超限劫灭提升各自阵容的上限。</p>\n<p>高分一档阵容推荐（1：分数上限十分高，大概率是顶分阵容）：女王：黑希（2S+）+山吹+观星，月魄：雷律+月光+粉毛，月魂：鬼铠+圣女+月轮</p>\n<p>高分一档阵容推荐（2：省头发，轻松高分）：女王：云墨+真炎+真红，月魄：雷律+月光+粉毛，月魂：鬼铠+圣女+月轮</p>\n<p>标准一档阵容推荐1：女王：云墨+真炎+真红（可以不带叶），月魄：雷律+月光+粉毛，月魂：鬼铠+圣女+月轮</p>\n<p>标准一档阵容推荐2：女王：鬼铠+观星+月魄，月魄：雷律+圣女+粉毛，月魂：云墨+真炎+真红。</p>\n<p>标准一档阵容推荐3：女王：炽翎+深红+勿忘，月魄：雷律+圣女+粉毛，月魂：云墨+真炎+真红</p>\n<p>二档阵容推荐（无真红+无雷律+无理律）：女王：炽翎+深红+勿忘，月魄：鬼铠+圣女+迅羽，月魂：月光+神恩+游侠</p>\n<p>二档阵容推荐（无雷律）：女王：炽翎+深红+理律/勿忘，月魄：鬼铠+圣女+迅羽，月魂：月光+神恩+游侠</p>\n<p>空之律者：<br />\n本期建议用来攻略的阵容有：</p>\n<p>云真炎（推荐）：在劫灭超限了以后，这个阵容打女王会十分的批发，分数也十分可观，而且最重要的一点，不用带叶</p>\n<p>鬼铠+疾风+理律：并不是很建议，可以把鬼铠搭配圣女拉去打月魂，这个阵容很凹</p>\n<p>炽翎/云墨+深红+勿忘：凹猫凹站位，需要双猫，并不是特别的凹，但是单S勿忘会比较难打，需要2S起步。</p>\n<p>鬼铠+观星+月魄：分数在370+，根据月魄的星级会提高，适合没叶的小伙伴。</p>\n<p>辉骑士-月魄：<br />\n本期建议用来攻略的阵容有：</p>\n<p>雷圣粉（推荐）：一共两种打法，一种双牛，一种圣女携带贝下，两者出分差距不大。单S可以达到比较轻松的获得37760+的分数，难度也偏低，非常的舒服，但是需要一条到两条的SP回复词缀，没有的话也可以打，分数偏低一点点。</p>\n<p>雷云粉：分数在37440左右，会锁云墨，本期并不推荐。</p>\n<p>鬼圣迅（推荐）：已经打了好几期了，出分高低基本在二阶段月魄开盾期间对时空和闪避的掌控。</p>\n<p>雷月粉（推荐）：月光需要带超限空无 月光需要3s，2s和单s分数会降低但是不多 可以省出圣女并且不亏太多的分数，本期非常推荐</p>\n<p>苍骑士-月魂：<br />\n本期建议用来攻略的阵容：</p>\n<p>云真炎（推荐）：有了超限劫灭的加入，已经不可能锁血了，甚至不需要叶也可以出分。</p>\n<p>鬼圣轮（推荐）：分数极高，出分难度也不高，打起来还很解压。</p>\n<p>月神游：凹猫凹暴击</p>\n<p>鬼观魄：比较简单，分数可能略低。</p>\n<p>中低配阵容的问题舰长们可以发送到评论区来提问哦~</p>\n</div>\n', '\n记忆战场小课堂」你来问我来答 【9.1-9.6】\n\n写在前面：上周深渊放假了一周，真的是休闲了好多', null, '6052136', '4', '2020-09-02 19:46:37', '2020-09-02 19:46:37', '1', '0', '0');
INSERT INTO `article` VALUES ('128', '芽衣我好饿呀！', '\n芽衣我好饿呀！\n![image.png](http://localhost:8081/img/articleimg/20200902/7f7ac18d-bc0e-4426-acef-d48ffc98d620_image.png)\n\n![image.png](http://localhost:8081/img/articleimg/20200902/4420d8b9-baa8-4d8e-9bc9-7b941eaa38ef_image.png)\n\n![image.png](http://localhost:8081/img/articleimg/20200902/06be7af4-4e04-476c-94a3-4ec11b80515e_image.png)\n\n![image.png](http://localhost:8081/img/articleimg/20200902/0743ab9c-ded5-4873-87d6-068b3678fb42_image.png)\n快做饭！', '<p>芽衣我好饿呀！<br />\n<img src=\"http://localhost:8081/img/articleimg/20200902/7f7ac18d-bc0e-4426-acef-d48ffc98d620_image.png\" alt=\"image.png\" /></p>\n<p><img src=\"http://localhost:8081/img/articleimg/20200902/4420d8b9-baa8-4d8e-9bc9-7b941eaa38ef_image.png\" alt=\"image.png\" /></p>\n<p><img src=\"http://localhost:8081/img/articleimg/20200902/06be7af4-4e04-476c-94a3-4ec11b80515e_image.png\" alt=\"image.png\" /></p>\n<p><img src=\"http://localhost:8081/img/articleimg/20200902/0743ab9c-ded5-4873-87d6-068b3678fb42_image.png\" alt=\"image.png\" /><br />\n快做饭！</p>\n', '芽衣我好饿呀！\n\n\n\n\n快做饭！\n', null, '6052136', '1', '2020-09-02 19:51:16', '2020-09-02 19:51:16', '1', '0', '10');
INSERT INTO `article` VALUES ('129', '彼岸之扉是全崩3最美的镰刀（不接受异议）', '如果说崩3里咱最喜欢的太刀是妖刀的话，那彼岸之扉则毫无疑问是咱最爱的镰刀了，不管从配色还是外形设计都无可挑剔呢，所以第一把长柄武器的制作就决定是它咯！\n\n\n![image.png](http://localhost:8081/img/articleimg/20200902/429f1ced-328f-4368-899e-2bf53e40ea27_image.png)\n\n\n\n希儿虽然不在，但是武器却明白主人守护姐姐大人的意思呢\n\n\n![image.png](http://localhost:8081/img/articleimg/20200902/819fc0a1-8979-4a27-a148-6e6fb4d2dd46_image.png)\n\n![image.png](http://localhost:8081/img/articleimg/20200902/433bf427-8196-443f-8bcc-5a702b7dc072_image.png)\n\n这次尝试着肝了个视频，如果喜欢的话，可以点赞支持一下吗\n\n视频链接:\n\n【小比例模型】来做一把崩3最漂亮的镰刀吧', '<p>如果说崩3里咱最喜欢的太刀是妖刀的话，那彼岸之扉则毫无疑问是咱最爱的镰刀了，不管从配色还是外形设计都无可挑剔呢，所以第一把长柄武器的制作就决定是它咯！</p>\n<p><img src=\"http://localhost:8081/img/articleimg/20200902/429f1ced-328f-4368-899e-2bf53e40ea27_image.png\" alt=\"image.png\" /></p>\n<p>希儿虽然不在，但是武器却明白主人守护姐姐大人的意思呢</p>\n<p><img src=\"http://localhost:8081/img/articleimg/20200902/819fc0a1-8979-4a27-a148-6e6fb4d2dd46_image.png\" alt=\"image.png\" /></p>\n<p><img src=\"http://localhost:8081/img/articleimg/20200902/433bf427-8196-443f-8bcc-5a702b7dc072_image.png\" alt=\"image.png\" /></p>\n<p>这次尝试着肝了个视频，如果喜欢的话，可以点赞支持一下吗</p>\n<p>视频链接:</p>\n<p>【小比例模型】来做一把崩3最漂亮的镰刀吧</p>\n', '如果说崩3里咱最喜欢的太刀是妖刀的话，那彼岸之扉则毫无疑问是咱最爱的镰刀了，不管从配色还是外形设计都', null, '6052136', '1', '2020-09-02 19:53:22', '2020-09-02 19:53:22', '1', '0', '3');
INSERT INTO `article` VALUES ('130', '崩坏3大电影：[ 花开彼岸 ]先行伪预告！', '\n![image.png](http://localhost:8081/img/articleimg/20200902/39a83d8d-c83f-4d73-a709-381ece453a0c_image.png)\nP站画师：Cube_HoX\n\n画师ID：6421546\n\n注意！这是个伪预告片哦！本视频纯属娱乐，不必当真。当然，要是米哈游能出电影那就更好了！\n\n（原画）\n\n![image.png](http://localhost:8081/img/articleimg/20200902/ee94e08a-0a11-470a-82e0-a16bf51fd119_image.png)', '<p><img src=\"http://localhost:8081/img/articleimg/20200902/39a83d8d-c83f-4d73-a709-381ece453a0c_image.png\" alt=\"image.png\" /><br />\nP站画师：Cube_HoX</p>\n<p>画师ID：6421546</p>\n<p>注意！这是个伪预告片哦！本视频纯属娱乐，不必当真。当然，要是米哈游能出电影那就更好了！</p>\n<p>（原画）</p>\n<p><img src=\"http://localhost:8081/img/articleimg/20200902/ee94e08a-0a11-470a-82e0-a16bf51fd119_image.png\" alt=\"image.png\" /></p>\n', '\nP站画师：Cube_HoX\n画师ID：6421546\n注意！这是个伪预告片哦！本视频纯属娱乐，不必', null, '6052136', '3', '2020-09-02 19:55:54', '2020-09-02 19:55:54', '1', '0', '0');
INSERT INTO `article` VALUES ('131', '【已结束】圣方丹的奇妙冒险——「后崩坏书」活动', '::: hljs-left\n\n\n![image.png](http://localhost:8081/img/articleimg/20200902/c3aa84b1-d3a0-492f-8315-0fefb68ea039_image.png)\n万众瞩目，「后崩坏书」降临。\n\n在「后崩坏书」中，舰长可以体验到全新的“高度维度战斗”、“空中连携QTE”等。\n\n也将在全新地图「圣方丹」里展开一段奇妙的探险！\n\n想必各位舰长已经迫不及待要开始体验了！\n\n\n\n哪段经历最令你印象深刻呢？又有什么故事想要分享？\n\n在指定帖内分享「后崩坏书」的趣味经历，有机会获得水晶奖励！\n\n\n\n----------活动时间------------\n\n3.9-3.20\n\n\n\n----------活动方式------------\n\n\n\n活动一：难忘之景\n\n在此帖内分享最喜欢的后崩坏书景色，或分享在后崩坏书中印象最深的事情。\n\n分享方式：截图/文字+游戏UID\n\n\n\n活动二：我的空中pose\n\n在更高的维度战斗是种怎样的体验？舰长：觉得自己挺酷的。\n\n分享自己通过高度维度战斗，在空中摆出的最完美pose吧！\n\n点击此处进入帖子，分享高维战斗中的截图/文字+游戏UID\n\n（注：截图中如出现BUG相关，则不作数）\n\n\n\n活动三：彩蛋打卡！\n\n在「后崩坏书」中，有一些可以被击破/破坏的场景物件，舰长们发现了吗？预测一大波拆迁舰长即将上线！\n\n发掘这些彩蛋并合照打卡，探索未知的世界吧！\n\n点击此处进入帖子，分享彩蛋合照截图/文字+游戏UID\n\n\n\n\n\n----------活动奖励-------------\n\n 幸运奖（所有按格式要求在此帖子内回复的所有舰长抽取）\n\n水晶*60（30名）\n\n 幸运奖（所有按格式要求在“我的空中pose”帖子内回复的所有舰长抽取）\n\n水晶*60（30名）\n\n 幸运奖（所有按格式要求在“彩蛋打卡”帖子内回复的所有舰长抽取）\n\n水晶*60（30名）\n\n\n\n\n\n----------注意事项--------------\n\n1、安卓国服和iOS的UID为8位、9位或10位数字，渠道服UID为9位数字，请舰长确认其正确。\n\n2、参与活动需要指定帖子单独楼层进行讨论，在楼中楼留言无效。\n\n3、单个帐号在此次活动中只能领取1次奖励，重复则奖励资格顺延。\n\n4、获奖名单将在活动结束后个7工作日内在米游社进行公示。\n\n:::\n', '<div class=\"hljs-left\">\n<p><img src=\"http://localhost:8081/img/articleimg/20200902/c3aa84b1-d3a0-492f-8315-0fefb68ea039_image.png\" alt=\"image.png\" /><br />\n万众瞩目，「后崩坏书」降临。</p>\n<p>在「后崩坏书」中，舰长可以体验到全新的“高度维度战斗”、“空中连携QTE”等。</p>\n<p>也将在全新地图「圣方丹」里展开一段奇妙的探险！</p>\n<p>想必各位舰长已经迫不及待要开始体验了！</p>\n<p>哪段经历最令你印象深刻呢？又有什么故事想要分享？</p>\n<p>在指定帖内分享「后崩坏书」的趣味经历，有机会获得水晶奖励！</p>\n<p>----------活动时间------------</p>\n<p>3.9-3.20</p>\n<p>----------活动方式------------</p>\n<p>活动一：难忘之景</p>\n<p>在此帖内分享最喜欢的后崩坏书景色，或分享在后崩坏书中印象最深的事情。</p>\n<p>分享方式：截图/文字+游戏UID</p>\n<p>活动二：我的空中pose</p>\n<p>在更高的维度战斗是种怎样的体验？舰长：觉得自己挺酷的。</p>\n<p>分享自己通过高度维度战斗，在空中摆出的最完美pose吧！</p>\n<p>点击此处进入帖子，分享高维战斗中的截图/文字+游戏UID</p>\n<p>（注：截图中如出现BUG相关，则不作数）</p>\n<p>活动三：彩蛋打卡！</p>\n<p>在「后崩坏书」中，有一些可以被击破/破坏的场景物件，舰长们发现了吗？预测一大波拆迁舰长即将上线！</p>\n<p>发掘这些彩蛋并合照打卡，探索未知的世界吧！</p>\n<p>点击此处进入帖子，分享彩蛋合照截图/文字+游戏UID</p>\n<p>----------活动奖励-------------</p>\n<p>幸运奖（所有按格式要求在此帖子内回复的所有舰长抽取）</p>\n<p>水晶*60（30名）</p>\n<p>幸运奖（所有按格式要求在“我的空中pose”帖子内回复的所有舰长抽取）</p>\n<p>水晶*60（30名）</p>\n<p>幸运奖（所有按格式要求在“彩蛋打卡”帖子内回复的所有舰长抽取）</p>\n<p>水晶*60（30名）</p>\n<p>----------注意事项--------------</p>\n<p>1、安卓国服和iOS的UID为8位、9位或10位数字，渠道服UID为9位数字，请舰长确认其正确。</p>\n<p>2、参与活动需要指定帖子单独楼层进行讨论，在楼中楼留言无效。</p>\n<p>3、单个帐号在此次活动中只能领取1次奖励，重复则奖励资格顺延。</p>\n<p>4、获奖名单将在活动结束后个7工作日内在米游社进行公示。</p>\n</div>\n', '\n\n万众瞩目，「后崩坏书」降临。\n在「后崩坏书」中，舰长可以体验到全新的“高度维度战斗”、“空中连携', null, '6052136', '3', '2020-09-02 19:57:06', '2020-09-02 19:57:06', '1', '0', '0');
INSERT INTO `article` VALUES ('132', '动画短片转文字汇总', '呼，这里是虬龙子，众所周知，米忽悠的动画短片制作十分精良，《女王降临》惊艳出场，《最后一课》催人泪下，《天使重构》唯美唯幻……索性我便以文字将动画场景一一复现，如有违和请多担待。\n\n\n\n\n\n以动画短片《女王降临》创作的《女王降临》\n\n“人类，你们的存在就是错误。”\n\n“战争！” \n\n“欺骗！” \n\n“嫉妒！” \n\n“贪婪！”\n\n“你们曾让我失去了所有……”\n\n“今天，我将吞噬一切！” \n\n“因为我——” \n\n“就是崩坏！” \n\n\n\n\n\n\n\n以动画短片《最后一课》创作的《无量塔倾》\n\n“琪亚娜，抬起头继续前进吧！” \n\n“去把这个不完美的故事变成你所期望的样子！ ”\n\n“活下去……琪亚娜，这就是最后一课…”\n\n\n\n\n\n\n\n以动画短片《天使重构》创作的《天使重构》\n\n“Ride  on？”\n\n“Ride  on!”\n\n\n\n“希儿……” \n\n“布洛尼娅来找你了！”\n\n\n\n\n\n\n\n以动画短片《希儿》创作的《彼此的救赎》\n\n“布洛妮娅姐姐！”\n\n“希儿……”\n\n“是你么？”\n\n“布洛妮娅姐姐……”\n\n“这一次，我们再也不会分开了！”\n\n\n\n\n\n\n\n以动画短片《天穹流星》创作的《天穹流星》\n\n“姬子——” \n\n“老师！”\n\n“是啊，我答应过你的。”\n\n“我会把这个不完美的故事——”\n\n“变成我们所期望的样子！”\n\n\n\n“这就是——我的承诺！”\n\n\n\n\n\n\n\n以动画短片《罪人挽歌》创作的《罪人挽歌》\n\n“那一天，你向我伸出了手，从你抓住我的那一刻起，我的命运就被你改变了。”\n\n“你是我生命中最重要的人。”\n\n“如果拯救你是一种罪，那么就让我来当这个罪人。”\n\n“再见了，琪亚娜。”\n\n\n\n\n\n待续……\n\n\n![image.png](http://localhost:8081/img/articleimg/20200902/38f0a6d3-7a2c-42d9-9eda-1c0485ab9b20_image.png)', '<p>呼，这里是虬龙子，众所周知，米忽悠的动画短片制作十分精良，《女王降临》惊艳出场，《最后一课》催人泪下，《天使重构》唯美唯幻……索性我便以文字将动画场景一一复现，如有违和请多担待。</p>\n<p>以动画短片《女王降临》创作的《女王降临》</p>\n<p>“人类，你们的存在就是错误。”</p>\n<p>“战争！”</p>\n<p>“欺骗！”</p>\n<p>“嫉妒！”</p>\n<p>“贪婪！”</p>\n<p>“你们曾让我失去了所有……”</p>\n<p>“今天，我将吞噬一切！”</p>\n<p>“因为我——”</p>\n<p>“就是崩坏！”</p>\n<p>以动画短片《最后一课》创作的《无量塔倾》</p>\n<p>“琪亚娜，抬起头继续前进吧！”</p>\n<p>“去把这个不完美的故事变成你所期望的样子！ ”</p>\n<p>“活下去……琪亚娜，这就是最后一课…”</p>\n<p>以动画短片《天使重构》创作的《天使重构》</p>\n<p>“Ride  on？”</p>\n<p>“Ride  on!”</p>\n<p>“希儿……”</p>\n<p>“布洛尼娅来找你了！”</p>\n<p>以动画短片《希儿》创作的《彼此的救赎》</p>\n<p>“布洛妮娅姐姐！”</p>\n<p>“希儿……”</p>\n<p>“是你么？”</p>\n<p>“布洛妮娅姐姐……”</p>\n<p>“这一次，我们再也不会分开了！”</p>\n<p>以动画短片《天穹流星》创作的《天穹流星》</p>\n<p>“姬子——”</p>\n<p>“老师！”</p>\n<p>“是啊，我答应过你的。”</p>\n<p>“我会把这个不完美的故事——”</p>\n<p>“变成我们所期望的样子！”</p>\n<p>“这就是——我的承诺！”</p>\n<p>以动画短片《罪人挽歌》创作的《罪人挽歌》</p>\n<p>“那一天，你向我伸出了手，从你抓住我的那一刻起，我的命运就被你改变了。”</p>\n<p>“你是我生命中最重要的人。”</p>\n<p>“如果拯救你是一种罪，那么就让我来当这个罪人。”</p>\n<p>“再见了，琪亚娜。”</p>\n<p>待续……</p>\n<p><img src=\"http://localhost:8081/img/articleimg/20200902/38f0a6d3-7a2c-42d9-9eda-1c0485ab9b20_image.png\" alt=\"image.png\" /></p>\n', '呼，这里是虬龙子，众所周知，米忽悠的动画短片制作十分精良，《女王降临》惊艳出场，《最后一课》催人泪下', null, '6052136', '7', '2020-09-02 19:58:08', '2020-09-02 19:58:08', '1', '0', '0');
INSERT INTO `article` VALUES ('133', '短篇同人汇总', '::: hljs-left\n\n这里是虬龙子的短篇同人汇总，文风近玄幻，类古风，如有违和请多担待。\n\n\n\n轩辕末裔，剑折九幽——姬麟\n\n姬家末裔姬麟，于此剑折，枯骨为冢，孤独永伴\n\n轩辕末裔\n\n“姬麟，我一定会娶你做我妻子的！”\n\n“那妾身就等着你。”\n\n  ……\n\n“对不起，姜朱，我要失约了……”\n\n缘夙系参商\n\n\n\n\n\n\n\n执于一念，毁誉参半——奥托·阿波卡利斯\n\n那一日，奥托失去了自己的挚爱\n\n失我所爱，毁弃天堂\n\n那一日，埃莉诺死于奥托之手\n\n一见萧郎终身误\n\n那一日，奥托成为天命主教\n\n天变·上     天变·中    天变·下\n\n那一日，奥托薇拉含笑离世\n\n星光尤曙\n\n\n\n\n\n\n\n凡人之躯，比肩神明——无量塔姬子\n\n“休伯利安的各位，我回来了，等我！”\n\n炎律降临·上   炎律降临·中   炎律降临·下   \n\n炎律降临·终\n\n“我于此发动手中的手牌。”\n\n“死者苏生！”\n\n光与暗的恩典——联动《游戏王》\n\n\n\n\n\n\n\n逆神巫女，因恨生嗔——八重樱\n\n“是了，我想起来了……”\n\n“在下八重樱……”\n\n“我可是……最强的巫女呢……”\n\n赤·染·樱\n\n一切因我而始，也应因我而终……\n\n缘似邂逅原是劫\n\n“大姐，等你好久啦！”\n\n“我们一起多逛逛吧！”\n\n斩·绯狱之狐\n\n八重樱的生日贺文\n\n繁樱落英时\n\n\n\n\n\n\n\n\n\n神州有仙，名唤赤鸢——符华\n\n天命玄鸟，将而生商，居殷土茫茫\n\n天命玄鸟\n\n“我曾与友人发誓守护这一方世界。”\n\n“哪怕孑然一身，举目无朋，我也会默默守护下去。”\n\n江山不改，誓如故\n\n仙人降于凡尘，误惹羁缘一段\n\n仙人临尘·上   仙人临尘·中    仙人临尘·下\n\n情诗一首，聊表仰慕\n\n致赤鸢仙人\n\n\n\n\n\n\n\n炎剑出鞘，焚灭寂空——凯文·卡斯兰娜，齐格飞.卡斯兰娜\n\n“我发誓，人类一定会彻底战胜崩坏。”\n\n炎剑动兮\n\n执寥寥数人而守，发乎情;\n\n荫一方黎庶而护，蕴乎义;\n\n悯天下苍生而佑，合乎——道！\n\n守护真意\n\n“这一次，我没有办法和你一起回去了……”\n\n“你要好好地照顾琪亚娜，要让她健健康康的长大。”\n\n“希望她长大的时候，崩坏也结束了，能自由自在的生活。”\n\n最终之守护\n\n\n\n\n\n\n\n天弃之女，命途多舛——雷电芽衣\n\n相爱相杀，最是伤人\n\n潇湘泪雨\n\n芽衣的生日贺文\n\n一帘幽梦\n\n强袭强无敌！！\n\n强袭，强无敌？？\n\n强袭，强……\n\n增幅强袭\n\n\n\n\n\n\n\n\n\n完美女仆，端庄优雅——丽塔·洛丝薇瑟\n\n迷迭花海，永结同心\n\n七夕·迷迭香之约\n\n\n\n\n\n\n\n世界第一可爱——德丽莎·阿波卡利斯\n\n德丽莎生日贺文\n\n塞西莉亚的礼物\n\n架空世界观下的血族世界\n\n血之缱绻·上   血之缱绻·中    血之缱绻·下\n\n桃子管饱\n\n眷属终成\n\n\n\n\n\n\n\n脑洞大开，结局自撰:\n\n神明降临，奥托救世\n\n再无崩坏·上   再无崩坏·中  再无崩坏·下\n\n\n\n\n\n\n\n\n\n后崩坏书审判纪:\n\n“那你知道么，凡百兵之属，剑乃至君！” \n\n“御使大剑之人，秉赤子之心。”\n\n“爱憎分明，至情至性！”\n\n“纵身死而魂灭，然倒曳之剑，锋镝不减，湛然如故！”\n\n“这便是剑之礼赞，英雄的谱曲！”\n\n剑之礼赞\n\n![image.png](http://localhost:8081/img/articleimg/20200902/47112ccc-23d1-45d9-893b-27d67c7868ed_image.png)\n\n:::\n', '<div class=\"hljs-left\">\n<p>这里是虬龙子的短篇同人汇总，文风近玄幻，类古风，如有违和请多担待。</p>\n<p>轩辕末裔，剑折九幽——姬麟</p>\n<p>姬家末裔姬麟，于此剑折，枯骨为冢，孤独永伴</p>\n<p>轩辕末裔</p>\n<p>“姬麟，我一定会娶你做我妻子的！”</p>\n<p>“那妾身就等着你。”</p>\n<p>……</p>\n<p>“对不起，姜朱，我要失约了……”</p>\n<p>缘夙系参商</p>\n<p>执于一念，毁誉参半——奥托·阿波卡利斯</p>\n<p>那一日，奥托失去了自己的挚爱</p>\n<p>失我所爱，毁弃天堂</p>\n<p>那一日，埃莉诺死于奥托之手</p>\n<p>一见萧郎终身误</p>\n<p>那一日，奥托成为天命主教</p>\n<p>天变·上     天变·中    天变·下</p>\n<p>那一日，奥托薇拉含笑离世</p>\n<p>星光尤曙</p>\n<p>凡人之躯，比肩神明——无量塔姬子</p>\n<p>“休伯利安的各位，我回来了，等我！”</p>\n<p>炎律降临·上   炎律降临·中   炎律降临·下</p>\n<p>炎律降临·终</p>\n<p>“我于此发动手中的手牌。”</p>\n<p>“死者苏生！”</p>\n<p>光与暗的恩典——联动《游戏王》</p>\n<p>逆神巫女，因恨生嗔——八重樱</p>\n<p>“是了，我想起来了……”</p>\n<p>“在下八重樱……”</p>\n<p>“我可是……最强的巫女呢……”</p>\n<p>赤·染·樱</p>\n<p>一切因我而始，也应因我而终……</p>\n<p>缘似邂逅原是劫</p>\n<p>“大姐，等你好久啦！”</p>\n<p>“我们一起多逛逛吧！”</p>\n<p>斩·绯狱之狐</p>\n<p>八重樱的生日贺文</p>\n<p>繁樱落英时</p>\n<p>神州有仙，名唤赤鸢——符华</p>\n<p>天命玄鸟，将而生商，居殷土茫茫</p>\n<p>天命玄鸟</p>\n<p>“我曾与友人发誓守护这一方世界。”</p>\n<p>“哪怕孑然一身，举目无朋，我也会默默守护下去。”</p>\n<p>江山不改，誓如故</p>\n<p>仙人降于凡尘，误惹羁缘一段</p>\n<p>仙人临尘·上   仙人临尘·中    仙人临尘·下</p>\n<p>情诗一首，聊表仰慕</p>\n<p>致赤鸢仙人</p>\n<p>炎剑出鞘，焚灭寂空——凯文·卡斯兰娜，齐格飞.卡斯兰娜</p>\n<p>“我发誓，人类一定会彻底战胜崩坏。”</p>\n<p>炎剑动兮</p>\n<p>执寥寥数人而守，发乎情;</p>\n<p>荫一方黎庶而护，蕴乎义;</p>\n<p>悯天下苍生而佑，合乎——道！</p>\n<p>守护真意</p>\n<p>“这一次，我没有办法和你一起回去了……”</p>\n<p>“你要好好地照顾琪亚娜，要让她健健康康的长大。”</p>\n<p>“希望她长大的时候，崩坏也结束了，能自由自在的生活。”</p>\n<p>最终之守护</p>\n<p>天弃之女，命途多舛——雷电芽衣</p>\n<p>相爱相杀，最是伤人</p>\n<p>潇湘泪雨</p>\n<p>芽衣的生日贺文</p>\n<p>一帘幽梦</p>\n<p>强袭强无敌！！</p>\n<p>强袭，强无敌？？</p>\n<p>强袭，强……</p>\n<p>增幅强袭</p>\n<p>完美女仆，端庄优雅——丽塔·洛丝薇瑟</p>\n<p>迷迭花海，永结同心</p>\n<p>七夕·迷迭香之约</p>\n<p>世界第一可爱——德丽莎·阿波卡利斯</p>\n<p>德丽莎生日贺文</p>\n<p>塞西莉亚的礼物</p>\n<p>架空世界观下的血族世界</p>\n<p>血之缱绻·上   血之缱绻·中    血之缱绻·下</p>\n<p>桃子管饱</p>\n<p>眷属终成</p>\n<p>脑洞大开，结局自撰:</p>\n<p>神明降临，奥托救世</p>\n<p>再无崩坏·上   再无崩坏·中  再无崩坏·下</p>\n<p>后崩坏书审判纪:</p>\n<p>“那你知道么，凡百兵之属，剑乃至君！”</p>\n<p>“御使大剑之人，秉赤子之心。”</p>\n<p>“爱憎分明，至情至性！”</p>\n<p>“纵身死而魂灭，然倒曳之剑，锋镝不减，湛然如故！”</p>\n<p>“这便是剑之礼赞，英雄的谱曲！”</p>\n<p>剑之礼赞</p>\n<p><img src=\"http://localhost:8081/img/articleimg/20200902/47112ccc-23d1-45d9-893b-27d67c7868ed_image.png\" alt=\"image.png\" /></p>\n</div>\n', '\n这里是虬龙子的短篇同人汇总，文风近玄幻，类古风，如有违和请多担待。\n轩辕末裔，剑折九幽——姬麟\n姬', null, '6052136', '7', '2020-09-02 19:59:23', '2020-09-02 19:59:23', '1', '0', '0');
INSERT INTO `article` VALUES ('134', '关于游戏内“代练”行为的处罚说明', '::: hljs-left\n\n小伙伴们大家好，这里崩崩青花鱼\n\n	为了净化《崩坏学园2》大家庭的游戏环境，给大家带来更好的游戏体验，近日，项目组对游戏内涉及“代练”行为的账号进行了集中处理。\n\n\n\n“代练”行为的定义\n\n\n\n	代打人登录被代打者的游戏账号，参与【排名活动】来获得排名奖励，即是“代练”。\n\n\n\n	排名活动的设计初衷，是希望玩家能通过自身的实力积累与不断练习，获取奖励与成就。而“代练”行为的存在，严重违背了我们的设计意图，也对其他玩家的游戏体验带来了极大损害，属于违规行为。\n\n\n\n“代练”行为的处罚\n\n\n\n	目前我们会通过技术手段与人工核查来进行双重检测，处罚方案公示如下：\n\n\n\n    1、首次发现，删除当前所有活动排名。\n\n\n\n    2、再次违规，删除当前所有活动排名，并封禁账号1个月。\n\n\n\n    3、屡次违规的账号，我们将会对账号进行永久封停。\n\n	该方案将于即日起运行。希望各位玩家珍惜自己的账号，不要把账号密码告诉他人，不要轻信“代练”、“帮打”等信息。\n\n\n\n【终末之海】活动处理名单\n\n\n\n	经游戏后台数据拉取与运营同学的人工核查，在本次【终末之海】活动中，有账号存在确凿的代练行为，且利用“迦娜角色在关卡内装备【米梅·星月天河】时，负重会错误计算为0”的游戏漏洞进行通关。\n\n\n\n	我们将会清除上述账号【终末之海】活动的排行榜成绩，清除后账号依然计入排行榜基数。\n\n\n\n	本次共处罚玩家403名，公示如下：\n![image.png](http://localhost:8081/img/articleimg/20200902/352d8287-8c9c-4e6c-a40a-8dd451cb7e12_image.png)\n\n:::\n', '<div class=\"hljs-left\">\n<p>小伙伴们大家好，这里崩崩青花鱼</p>\n<pre><code>为了净化《崩坏学园2》大家庭的游戏环境，给大家带来更好的游戏体验，近日，项目组对游戏内涉及“代练”行为的账号进行了集中处理。\n</code></pre>\n<p>“代练”行为的定义</p>\n<pre><code>代打人登录被代打者的游戏账号，参与【排名活动】来获得排名奖励，即是“代练”。\n\n\n\n排名活动的设计初衷，是希望玩家能通过自身的实力积累与不断练习，获取奖励与成就。而“代练”行为的存在，严重违背了我们的设计意图，也对其他玩家的游戏体验带来了极大损害，属于违规行为。\n</code></pre>\n<p>“代练”行为的处罚</p>\n<pre><code>目前我们会通过技术手段与人工核查来进行双重检测，处罚方案公示如下：\n\n\n\n1、首次发现，删除当前所有活动排名。\n\n\n\n2、再次违规，删除当前所有活动排名，并封禁账号1个月。\n\n\n\n3、屡次违规的账号，我们将会对账号进行永久封停。\n\n该方案将于即日起运行。希望各位玩家珍惜自己的账号，不要把账号密码告诉他人，不要轻信“代练”、“帮打”等信息。\n</code></pre>\n<p>【终末之海】活动处理名单</p>\n<pre><code>经游戏后台数据拉取与运营同学的人工核查，在本次【终末之海】活动中，有账号存在确凿的代练行为，且利用“迦娜角色在关卡内装备【米梅·星月天河】时，负重会错误计算为0”的游戏漏洞进行通关。\n\n\n\n我们将会清除上述账号【终末之海】活动的排行榜成绩，清除后账号依然计入排行榜基数。\n\n\n\n本次共处罚玩家403名，公示如下：\n</code></pre>\n<p><img src=\"http://localhost:8081/img/articleimg/20200902/352d8287-8c9c-4e6c-a40a-8dd451cb7e12_image.png\" alt=\"image.png\" /></p>\n</div>\n', '\n小伙伴们大家好，这里崩崩青花鱼\n为了净化《崩坏学园2》大家庭的游戏环境，给大家带来更好的游戏体验，', null, '6052136', '8', '2020-09-02 20:01:31', '2020-09-02 20:01:31', '1', '0', '0');
INSERT INTO `article` VALUES ('135', '米哈游通行证功能维护通知', '大家好，这里是崩坏娘：\n\n\n\n为了给大家带来更好的体验，我们将于9月4日凌晨5点左右对米哈游通行证相关功能进行维护，预计持续时间约15分钟。\n\n维护期间，大家仍可以使用已有的米哈游通行证正常进入游戏。但米哈游通行证（游戏内及通行证页面：https://user.mihoyo.com）的相关功能将不可进行修改操作，即涉及米哈游通行证注册、修改信息等相关功能将无法进行。\n\n具体包含：手机号/邮箱注册；手机号/安全手机/邮箱绑定（含改绑）；用户地址/密码修改；多账号关联；实名认证；登录限制等功能。\n\n很抱歉给大家带来了不便，感谢大家的体谅~\n\n![image.png](http://localhost:8081/img/articleimg/20200902/8e1dc1e1-271e-423a-99ed-1b8cf3064aff_image.png)', '<p>大家好，这里是崩坏娘：</p>\n<p>为了给大家带来更好的体验，我们将于9月4日凌晨5点左右对米哈游通行证相关功能进行维护，预计持续时间约15分钟。</p>\n<p>维护期间，大家仍可以使用已有的米哈游通行证正常进入游戏。但米哈游通行证（游戏内及通行证页面：https://user.mihoyo.com）的相关功能将不可进行修改操作，即涉及米哈游通行证注册、修改信息等相关功能将无法进行。</p>\n<p>具体包含：手机号/邮箱注册；手机号/安全手机/邮箱绑定（含改绑）；用户地址/密码修改；多账号关联；实名认证；登录限制等功能。</p>\n<p>很抱歉给大家带来了不便，感谢大家的体谅~</p>\n<p><img src=\"http://localhost:8081/img/articleimg/20200902/8e1dc1e1-271e-423a-99ed-1b8cf3064aff_image.png\" alt=\"image.png\" /></p>\n', '大家好，这里是崩坏娘：\n为了给大家带来更好的体验，我们将于9月4日凌晨5点左右对米哈游通行证相关功能', null, '6052136', '8', '2020-09-02 20:02:12', '2020-09-02 20:02:12', '1', '0', '3');
INSERT INTO `article` VALUES ('136', '「全神器超绝祈愿」幻梦境', '::: hljs-left\n\n\n![image.png](http://localhost:8081/img/articleimg/20200902/524fa32e-8b38-4228-a04a-22e7551d013a_image.png)天际有星辰陨落，脚下有波涛起伏。\n\n	在暧昧的世界里，谁做着不会醒来的梦。\n\n![image.png](http://localhost:8081/img/articleimg/20200902/198f588a-6d14-4853-9f6d-bab87578b5ba_image.png)\n\n活动期间，在公主的祈愿和大小姐的祈愿中，命运回转，拥有强大神力的装备的概率提高至少5倍。\n\n活动内装备降临之时，为等级50的五星装备，其中部分装备经过进化，可升级为七星至强神器。\n\n\n\n=====\n\n进行公主祈愿，可以获得公主之辉光！\n\n每消耗1枚公主祈愿星，可以获得1个公主之辉光。在星光屋商店中使用100枚公主之辉光，可以兑换当期公主UP的装备或角色！\n\n公主之辉光销毁时间为每周五24点，如果想兑换本期公主星光屋商店中的装备，请在7月17	日 24:00	更换公主祈愿之前进行！\n\n\n\n:::\n', '<div class=\"hljs-left\">\n<p><img src=\"http://localhost:8081/img/articleimg/20200902/524fa32e-8b38-4228-a04a-22e7551d013a_image.png\" alt=\"image.png\" />天际有星辰陨落，脚下有波涛起伏。</p>\n<pre><code>在暧昧的世界里，谁做着不会醒来的梦。\n</code></pre>\n<p><img src=\"http://localhost:8081/img/articleimg/20200902/198f588a-6d14-4853-9f6d-bab87578b5ba_image.png\" alt=\"image.png\" /></p>\n<p>活动期间，在公主的祈愿和大小姐的祈愿中，命运回转，拥有强大神力的装备的概率提高至少5倍。</p>\n<p>活动内装备降临之时，为等级50的五星装备，其中部分装备经过进化，可升级为七星至强神器。</p>\n<p>=====</p>\n<p>进行公主祈愿，可以获得公主之辉光！</p>\n<p>每消耗1枚公主祈愿星，可以获得1个公主之辉光。在星光屋商店中使用100枚公主之辉光，可以兑换当期公主UP的装备或角色！</p>\n<p>公主之辉光销毁时间为每周五24点，如果想兑换本期公主星光屋商店中的装备，请在7月17	日 24:00	更换公主祈愿之前进行！</p>\n</div>\n', '\n天际有星辰陨落，脚下有波涛起伏。\n在暧昧的世界里，谁做着不会醒来的梦。\n\n\n活动期间，在公主的祈愿,全部', null, '6052136', '8', '2020-09-02 20:04:06', '2020-09-02 20:04:06', '1', '0', '0');
INSERT INTO `article` VALUES ('137', '【讨论有奖】豆日常系列——为占星术士送上生日祝福~', '::: hljs-left\n\n酱酱今天醒来时，发现自己在一个奇怪的仪器里转来转去，转来转去...\n\n酱酱...这是变成礼物了姆...？(・-・*)\n\n![image.png](http://localhost:8081/img/articleimg/20200902/a1ff61a0-4834-40ee-85ba-4ecaeae265ce_image.png)\n\n原来今天是新朋友莫娜的生日！生日快乐姆...！\n\n不过...酱酱好晕... (@ ~ @) \n\n\n\n如果是旅行者的话，会为钟情于「占星术」的莫娜送上什么礼物呢？\n\n\n\n酱酱会从评论区中随机抽选10名用心准备礼物的旅行者，每人送上【原神角色亚克力立牌（随机）】一份~（有效评论范围截至9月6日23点59分~中奖名单将于9月8日在本帖内公布噢！）\n\n\n\n酱酱在评论区等着旅行者们姆~\n\n:::\n', '<div class=\"hljs-left\">\n<p>酱酱今天醒来时，发现自己在一个奇怪的仪器里转来转去，转来转去…</p>\n<p>酱酱…这是变成礼物了姆…？(・-・*)</p>\n<p><img src=\"http://localhost:8081/img/articleimg/20200902/a1ff61a0-4834-40ee-85ba-4ecaeae265ce_image.png\" alt=\"image.png\" /></p>\n<p>原来今天是新朋友莫娜的生日！生日快乐姆…！</p>\n<p>不过…酱酱好晕… (@ ~ @)</p>\n<p>如果是旅行者的话，会为钟情于「占星术」的莫娜送上什么礼物呢？</p>\n<p>酱酱会从评论区中随机抽选10名用心准备礼物的旅行者，每人送上【原神角色亚克力立牌（随机）】一份<sub>（有效评论范围截至9月6日23点59分</sub>中奖名单将于9月8日在本帖内公布噢！）</p>\n<p>酱酱在评论区等着旅行者们姆~</p>\n</div>\n', '\n酱酱今天醒来时，发现自己在一个奇怪的仪器里转来转去，转来转去…\n酱酱…这是变成礼物了姆…？(・-・', null, '6052136', '10', '2020-09-02 20:05:10', '2020-09-02 20:05:10', '1', '0', '0');
INSERT INTO `article` VALUES ('138', '【申精专用】米游社同人图精品贴自荐推荐专楼', '::: hljs-left\n\n申精格式：\n帖子标题：\n\n帖子地址：\n\n发帖人社区ID及UID：\n\n申请理由：\n\n请旅行者在正确的申精楼进行申精~如果申请分类错误可能导致无法加精喔> <\n\n\n\n\n\n其他申精楼导航\n【申精专用】米游社图文攻略精品贴自荐推荐专楼\n\n【申精专用】米游社考据同人文精品贴自荐推荐专楼\n\n【申精专用】米游社综合类精品贴自荐推荐专楼\n\n\n\n注意事项（必读）\n1、 作品不得涉及任何敏感问题，注意尺度；\n\n2、 在此强调申精作品必须为原创作品；\n\n原创指：独立完成的创作。非原创包括但不仅限于：直接使用他人作品、临摹他人作品、抄袭篡改欢迎旅行者通过私信版主或添加申诉群（865046439）等方式积极举报知情的抄袭等违纪问题并提供相关证据；他人创作产生的作品、使用他人素材的作品，描图。作品主贴中所有作品都需为作者本人的原创作品。非本人亲自拍摄、非被拍摄的模特本人、非拍摄的费用出资人、代别人发、朋友的图等等，在没有事先向版主沟通、证实并许可的情况下，都视为非原创；\n\n3、作者需保证作品的著作权合法性、其作品及使用素材的原创性；作者拥有作品的著作权及其他相关权利。如出现因肖像权、名誉权、隐私权、著作权、商标权等而产生的法律责任纠纷，一切责任作者本人承担；\n\n4、所有作品将经过审核，非原创、涉及抄袭、主题与原神不相符等作品我们都将进行删除等处理；\n\n5、欢迎旅行者通过私信版主或添加申诉群（865046439）等方式积极举报知情的抄袭等违纪问题并提供相关证据；\n\n6、转载需要注明出处并征得原作者同意，未经授权转载会被删帖并视情节处禁言等惩罚；\n\n7、所有的帖子均不可违反社区版规及用户协议。\n\n \n\n*若旅行者在申请后对原贴进行过修改，则需重新提交自荐推荐（每个帖子最多可以重新提交3次）；\n\n*申精15天后，若未得到加精处理，则为加精审核未通过；\n\n*申精标准会根据不同阶段的情况进行修改，精品贴的最终判定权归米游社版务组所有。\n\n\n\n\n\n加精基本标准\n1、要求申精作品主帖内所有作品均为作者本人或团队创作的原创同人绘画。不包括ps作品、MMD截图、游戏截图作品。官方图片、游戏画面临摹作品、与原神无关的作品均不考虑加精；\n\n2、作品构图合理，画面完整清晰，细节处理到位、画面完整且有表现力，完成度较高；\n\n3、构图合理、画面中心内容凸出、线条自如流畅，能表现出质感、空间感、体积感，明暗及色彩关系明确，虚实得当，画面干净整洁；\n\n4、主题凸出，内容新颖，有一定创意与感染力。\n\n\n\n:::\n', '<div class=\"hljs-left\">\n<p>申精格式：<br />\n帖子标题：</p>\n<p>帖子地址：</p>\n<p>发帖人社区ID及UID：</p>\n<p>申请理由：</p>\n<p>请旅行者在正确的申精楼进行申精~如果申请分类错误可能导致无法加精喔&gt; &lt;</p>\n<p>其他申精楼导航<br />\n【申精专用】米游社图文攻略精品贴自荐推荐专楼</p>\n<p>【申精专用】米游社考据同人文精品贴自荐推荐专楼</p>\n<p>【申精专用】米游社综合类精品贴自荐推荐专楼</p>\n<p>注意事项（必读）<br />\n1、 作品不得涉及任何敏感问题，注意尺度；</p>\n<p>2、 在此强调申精作品必须为原创作品；</p>\n<p>原创指：独立完成的创作。非原创包括但不仅限于：直接使用他人作品、临摹他人作品、抄袭篡改欢迎旅行者通过私信版主或添加申诉群（865046439）等方式积极举报知情的抄袭等违纪问题并提供相关证据；他人创作产生的作品、使用他人素材的作品，描图。作品主贴中所有作品都需为作者本人的原创作品。非本人亲自拍摄、非被拍摄的模特本人、非拍摄的费用出资人、代别人发、朋友的图等等，在没有事先向版主沟通、证实并许可的情况下，都视为非原创；</p>\n<p>3、作者需保证作品的著作权合法性、其作品及使用素材的原创性；作者拥有作品的著作权及其他相关权利。如出现因肖像权、名誉权、隐私权、著作权、商标权等而产生的法律责任纠纷，一切责任作者本人承担；</p>\n<p>4、所有作品将经过审核，非原创、涉及抄袭、主题与原神不相符等作品我们都将进行删除等处理；</p>\n<p>5、欢迎旅行者通过私信版主或添加申诉群（865046439）等方式积极举报知情的抄袭等违纪问题并提供相关证据；</p>\n<p>6、转载需要注明出处并征得原作者同意，未经授权转载会被删帖并视情节处禁言等惩罚；</p>\n<p>7、所有的帖子均不可违反社区版规及用户协议。</p>\n<p>*若旅行者在申请后对原贴进行过修改，则需重新提交自荐推荐（每个帖子最多可以重新提交3次）；</p>\n<p>*申精15天后，若未得到加精处理，则为加精审核未通过；</p>\n<p>*申精标准会根据不同阶段的情况进行修改，精品贴的最终判定权归米游社版务组所有。</p>\n<p>加精基本标准<br />\n1、要求申精作品主帖内所有作品均为作者本人或团队创作的原创同人绘画。不包括ps作品、MMD截图、游戏截图作品。官方图片、游戏画面临摹作品、与原神无关的作品均不考虑加精；</p>\n<p>2、作品构图合理，画面完整清晰，细节处理到位、画面完整且有表现力，完成度较高；</p>\n<p>3、构图合理、画面中心内容凸出、线条自如流畅，能表现出质感、空间感、体积感，明暗及色彩关系明确，虚实得当，画面干净整洁；</p>\n<p>4、主题凸出，内容新颖，有一定创意与感染力。</p>\n</div>\n', '\n申精格式：\n帖子标题：\n帖子地址：\n发帖人社区ID及UID：\n申请理由：\n请旅行者在正确的申精楼进', null, '6052136', '10', '2020-09-02 20:06:44', '2020-09-02 20:06:44', '1', '0', '0');
INSERT INTO `article` VALUES ('139', '【第三期】避雷当先，攻略为王！', '::: hljs-left\n\n来了来了，第三期来了，久等了各位~\n\n这一期我写的真的特别认真，毕竟是偏攻略性质的文章~\n\n为了达到最好的观看效果，这两天搜索了大量素材，\n\n让文字和图片良好的结合~等下你们看就知道了哈~\n\n这一期是专为萌新准备的避雷指南和攻略方向，\n\n应该可以解决前期所遇见的问题。\n\n\n\n因为公测离我们越来越近了，想帮助更多的新手玩家更早的了解游戏，\n\n让你们开服后更高效的游玩和提升游戏体验，\n\n这就是我的真实想法~\n\n因为我真的很喜欢原神这款游戏，想让更多的小伙伴加入进来~\n\n让未来的联机模式更有活力和趣味~\n\n不啰嗦了，我在这里先蟹蟹各位的捧场~\n\n你们的支持是我创作的动力！\n\n\n\n第一期《一个惊天的idea》：https://bbs.mihoyo.com/ys/article/1499351\n\n第二期《我本强大》：https://bbs.mihoyo.com/ys/article/1596024\n\n:::\n\n![image.png](http://localhost:8081/img/articleimg/20200902/7de66891-6846-483e-9f41-8ffc5f531680_image.png)', '<div class=\"hljs-left\">\n<p>来了来了，第三期来了，久等了各位~</p>\n<p>这一期我写的真的特别认真，毕竟是偏攻略性质的文章~</p>\n<p>为了达到最好的观看效果，这两天搜索了大量素材，</p>\n<p>让文字和图片良好的结合<sub>等下你们看就知道了哈</sub></p>\n<p>这一期是专为萌新准备的避雷指南和攻略方向，</p>\n<p>应该可以解决前期所遇见的问题。</p>\n<p>因为公测离我们越来越近了，想帮助更多的新手玩家更早的了解游戏，</p>\n<p>让你们开服后更高效的游玩和提升游戏体验，</p>\n<p>这就是我的真实想法~</p>\n<p>因为我真的很喜欢原神这款游戏，想让更多的小伙伴加入进来~</p>\n<p>让未来的联机模式更有活力和趣味~</p>\n<p>不啰嗦了，我在这里先蟹蟹各位的捧场~</p>\n<p>你们的支持是我创作的动力！</p>\n<p>第一期《一个惊天的idea》：https://bbs.mihoyo.com/ys/article/1499351</p>\n<p>第二期《我本强大》：https://bbs.mihoyo.com/ys/article/1596024</p>\n</div>\n<p><img src=\"http://localhost:8081/img/articleimg/20200902/7de66891-6846-483e-9f41-8ffc5f531680_image.png\" alt=\"image.png\" /></p>\n', '\n来了来了，第三期来了，久等了各位~\n这一期我写的真的特别认真，毕竟是偏攻略性质的文章~\n为了达到最', null, '6052136', '10', '2020-09-02 20:07:59', '2020-09-02 20:07:59', '1', '0', '0');
INSERT INTO `article` VALUES ('140', '【集中贴】「璀璨深夏」活动晒卡专用', '听，那是什么声音？好热闹——原来是未名市的庙会开始了！\n\n在这个浪漫而盛大的节日，律师们是否已经邀请到了心许的同游之人？一起来评论区分享抽卡结果吧！\n\n \n\n由于律所内不能单独发帖晒欧或哭非，也为了保证未定事件簿社区版面的整洁，律所中抽卡分享的帖子会被版主酌情删除哦~ 感谢各位律师的理解，也祝律师们欧气爆棚，一发入魂！\n\n::: hljs-left\n\n居左\n\n:::\n', '<p>听，那是什么声音？好热闹——原来是未名市的庙会开始了！</p>\n<p>在这个浪漫而盛大的节日，律师们是否已经邀请到了心许的同游之人？一起来评论区分享抽卡结果吧！</p>\n<p>由于律所内不能单独发帖晒欧或哭非，也为了保证未定事件簿社区版面的整洁，律所中抽卡分享的帖子会被版主酌情删除哦~ 感谢各位律师的理解，也祝律师们欧气爆棚，一发入魂！</p>\n<div class=\"hljs-left\">\n<p>居左</p>\n</div>\n', '听，那是什么声音？好热闹——原来是未名市的庙会开始了！\n在这个浪漫而盛大的节日，律师们是否已经邀请到', null, '6052136', '12', '2020-09-02 20:09:25', '2020-09-02 20:09:25', '1', '0', '0');
INSERT INTO `article` VALUES ('141', '每日体力推荐用法', '【每日体力推荐用法】\n\n作为安全部人员，夏彦平常的特训那是必须的。\n\n特训要注意补充体力。cxbs就给夏彦小天使送上了营养计划表，然后应他的委托，这份计划表也给各位律师准备了一份哦。这一份沉甸甸的爱意律师们感受到了吗\n![image.png](http://localhost:8081/img/articleimg/20200902/9b42ed3b-6dae-4efe-a292-8143ed0080b8_image.png)', '<p>【每日体力推荐用法】</p>\n<p>作为安全部人员，夏彦平常的特训那是必须的。</p>\n<p>特训要注意补充体力。cxbs就给夏彦小天使送上了营养计划表，然后应他的委托，这份计划表也给各位律师准备了一份哦。这一份沉甸甸的爱意律师们感受到了吗<br />\n<img src=\"http://localhost:8081/img/articleimg/20200902/9b42ed3b-6dae-4efe-a292-8143ed0080b8_image.png\" alt=\"image.png\" /></p>\n', '【每日体力推荐用法】\n作为安全部人员，夏彦平常的特训那是必须的。\n特训要注意补充体力。cxbs就给夏,全部', null, '6052136', '12', '2020-09-02 20:10:14', '2020-09-02 20:10:14', '1', '0', '0');
INSERT INTO `article` VALUES ('142', '【夏彦×我】五秒纠缠', '我不想\n\n\n\n亲手解开我们的结\n\n\n\n如果有幸\n\n\n\n我愿在金色的时光里\n\n\n\n慢慢与你\n\n\n\n纠缠一生\n\n\n\n夏\n\n———————————————————\n\n\n\n解决完斯芬克斯的谜题后，太阳已经西沉。\n\n\n\n回去的路上，我和夏彦放松地聊起天来。\n\n\n\n“夏彦，你说这里面会不会有他给我们准备的晚餐券？”\n\n\n\n我摇了摇这次获胜的战利品——一个精致的小礼盒。\n\n\n\n“可能吧。虽然他这个人很奇怪，不过，吃饭的品味还算不错。”\n\n\n\n夏彦点了点头，虽不情愿，但他的评价还是很诚实的，诚实得激起了我现在才意识到的饥饿。\n\n\n\n“你这么一说我肚子就开始叫了。”\n\n\n\n我无奈一笑。\n\n\n\n他好像早料到我会这么说，转头对我笑道：“那把东西放店里，我们就去吃饭吧？”\n\n\n\n“好啊，那我们走快点。”\n\n\n\n我忽然就有了前进的动力，一下快跑了好几步。\n\n\n\n“哎，等等我啊，慢点！”\n\n\n\n夏彦立即迈开步子。\n\n\n\n女孩在不远处站定，笑着转身，朝他挥了挥手里的小红盒。\n\n\n\n夕阳下，她手里的小物件泛着金色的光泽，一瞬间竟晃了他的眼。\n\n\n\n夏彦不知道，那盒子里面过往的风景，会比此时沐浴在光里的她更美吗？\n\n\n\n———————————————————\n\n\n\n回到店里，在好奇心的驱使下，我和夏彦一同揭开了这盒子的神秘面纱——\n\n\n\n里面安静地睡着两条粉色丝带。\n\n\n\n“这是……”\n\n\n\n我不禁取出一条细细打量：丝带很长，大概有一米，通体光滑，只是首尾两端还残留有轻微的折痕。\n\n\n\n乍一看，的确是很普通的丝带，市面上常卖的那种，可不知为什么，我越看越有些眼熟。\n\n\n\n我是不是曾经……\n\n\n\n我正努力回忆，这时另一条丝带轻轻拂过我的手背，有点痒。\n\n\n\n我无意识地一瞥，不知道什么时候，身边的夏彦手心里也捧了交缠的一团。\n\n\n\n他的神色异常温柔，珊瑚色的眼里，仿佛绽放了一朵粉色的花。\n\n\n\n等他抬头对上我的眼睛，我才回过神来，迟钝了几秒，心底莫名有点慌。\n\n\n\n这时，好像是为了拯救我的无措，一瞬记忆忽然闪过我的脑海。\n\n\n\n“这是我们高一的时候一起系过的丝带吧？你还把这个要过来了啊？”\n\n\n\n我笑了笑。\n\n\n\n“那件事你还记得？”\n\n\n\n他语调上扬，看着我的眼里闪烁着惊喜。\n\n\n\n夏彦这样的反应让我微愣，而此时，我却无法与他感同身受。\n\n\n\n我是不是忘了什么……很重要的回忆？\n\n\n\n心头忽然掠过一丝遗憾，我笑着摇了摇头：“不是太记得了，时间过去太久，只有个模糊的印象而已。”\n\n\n\n说着，我默默把视线转到丝带上。\n\n\n\n“走，我们上二楼。”\n\n\n\n耳边忽然响起他的声音，未待我反应过来，手腕上忽的一热。\n\n\n\n他拉着我走在前面，转头朝我笑着眨了眨眼：“就当帮我个忙，我想再用它们玩一次。”\n\n\n\n我听着，不免好笑一声，骗谁啊？\n\n\n\n估计是看我有些惆怅不记得那时候的事了，才会编这样一个理由出来，好替我“排忧解难”。\n\n\n\n这个想法十分合理，可我依然无法打消自己冒出的其他念头，无法忽略覆在手腕上的温热又柔软的触感，以及，耳畔那已经渐渐开始加速的心跳声。\n\n\n\n—————————————————————\n\n\n\n二楼的空间比较大，玩游戏的话这里的确更适合。\n\n\n\n我们俩挑了处靠窗的地方，夏彦就站在我的面前，小心地给我双手系上丝带。\n\n\n\n他的动作不慌不忙，缠绕，打结，固定，好像每个动作都透露着一股得心应手，莫名给我一种他私下练过很多次的娴熟感。\n\n\n\n怎么可能？\n\n\n\n我在心里立即否决了这个想法，感叹自己想象力的丰富。\n\n\n\n不过话说回来，夏彦为什么，会把这两条丝带放进他的箱子里呢？\n\n\n\n“紧吗？”\n\n\n\n他忽然问道。\n\n\n\n我翩飞的思绪一下被打断，顿时有种做贼心虚被发现的慌张，也顾不上什么，只是飞快摇头。\n\n\n\n“那就好。”\n\n\n\n他笑了笑，专心系丝带的另一头。\n\n\n\n我不自觉地偏头，明明他的手指一点都没有碰到我，可刚刚平静下来的心跳又开始不受控制地加快了。\n\n\n\n唉……\n\n\n\n我有些无奈，想着夏彦要是能把丝带系在我的心上就好了，这样它或许能稍微安分一点。\n\n\n\n我这么想着，夏彦此刻依旧站在我的眼前，安静地帮我系着丝带，我只要微微低头，就能看见他挂在胸前的钥匙，铜质的边缘闪耀着一缕夕阳的金线……\n\n\n\n【觉得大家可能想象不出就放张图】\n\n\n![image.png](http://localhost:8081/img/articleimg/20200902/0128c89a-96b7-4d47-83c0-9a484ae7eff5_image.png)\n————————————————————\n\n\n\n“准备好了吗？大侦探和他的华生？”\n\n\n\n我听着同学的话，不免翘起嘴角，也不知道他从哪儿找来的测默契度的游戏，还专门跑来给我和夏彦测。\n\n\n\n“再说一遍游戏规则啊，别到时候忘了。两根丝带都交叉绑在你们的手腕上了吧，只要你们能在不接触丝带接口的情况下，五分钟内解开这两条丝带，就算你们赢了。”\n\n\n\n我和夏彦都点点头。\n\n\n\n“嘿嘿，输了的话，你们上课吃饭都要这样绑着丝带，不能松哦……”\n\n\n\n那男同学说着露出一丝坏笑。\n\n\n\n“嗯？你这要求怎么不在我们答应之前提？”\n\n\n\n我笑了笑。\n\n\n\n“你这话的意思是，你们现在就要认输了？”\n\n\n\n那男同学刺激我道。\n\n\n\n这也太会说话了吧？\n\n\n\n我刚想辩驳他几句，只听夏彦一声轻笑：“课后时间本来就无聊，我们玩这一场也正好打发时间了。可是，你说现在天气这么热……”\n\n\n\n夏彦微微看了我一眼。\n\n\n\n我一下明白过来他的意思，笑着转向那个男同学：“你输了，就在晚饭时间去小卖部给我们两个买冷饮，东西你买，钱我们照付。怎么样，你敢答应吗？”\n\n\n\n我刚说完，就在心底吐槽，谁没见识过吃饭时间的食堂？那众人狂奔的场面说是“丧尸围城”都不为过，不得不说，夏彦提的这要求也是绝了。\n\n\n\n“行啊，一言为定，我来看着表。”\n\n\n\n那男同学答应的倒是爽快。\n\n\n\n在等待开始的时间里，某一秒，我看见夏彦微微动了动嘴。\n\n\n\n“会赢的。”\n\n\n\n我弯了弯嘴角。\n\n\n\n“我知道。”\n\n\n\n——————————————————\n\n\n\n事后回忆起来，我一度怀疑这游戏不是测默契的，而是测智商的。\n\n\n\n折腾了两三分钟，我和夏彦努力的成果就只有相互换了个位置而已。\n\n\n\n“你们只剩两分钟喽～”\n\n\n\n男同学得意的提醒声在耳边回荡，我皱眉，能回应他的只有弥漫在空气里焦灼的沉默。\n\n\n\n时间依旧在不管不顾地走着，我竟然有种秒针每跳一格，我的心就被踩上一脚的感觉。它们踩的狠，溜得却快。\n\n\n\n我无可奈何地忍着，谁让我在这个简单的交叉迷宫里找不到出路呢？\n\n\n\n然而从心底冒出的火苗，正在不可遏制地迸跳摇曳着，燃得躁动，逼迫着我给所有的路打上死结。\n\n\n\n为什么解不开？我不停重复着这个困惑，直到另一个念头闪过。\n\n\n\n难不成要输了吗？\n\n\n\n我承认这个念头我不该有，它立即成功地与我做竞赛题时痛苦的心路历程产生了共鸣：心怀希望又很快惨遭破灭，然后反反复复，如此折磨。\n\n\n\n说的直白一点，就是赤裸裸的挫败感。\n\n\n\n“不要着急。”\n\n\n\n他的声音从对面传来，语气不慌不忙，嘴角的笑意很是从容不迫。\n\n\n\n哦，这也是他常说的话，特别是在我绞尽脑汁，无论如何都做不出题的时候。\n\n\n\n我抬头对上那双珊瑚色的眼睛，不知道为什么，他的目光好像比以往更加平静温柔，只是看着，就莫名地让我生出一股安心感。\n\n\n\n小的时候，我很好奇，夏彦的眼睛里是不是藏着什么魔法，不然，他为什么能总让我时刻感受到，自己无论在何地，都是被温暖着的，陪伴着的，保护着的？\n\n\n\n即便到了现在，也是一样。\n\n\n\n但不同的是，长大后，我渐渐意识到自己那时想法的天真。\n\n\n\n那不是魔法，或者说，是比魔法更加奇妙的东西，我到现在还没办法说清楚它，但有一点我可以确定，除了至亲，就只是对夏彦，我才会生出这样的感觉。\n\n\n\n至于为什么，这是个无解的问题，原因实在太多了。\n\n\n\n或许是因为我和夏彦从小到大都在一起，我们已是互相的家人；或许是他无时无刻不陪伴着我，陪我哭陪我笑；或许是他从未对我食言，只要我想要的，他都会想尽办法为我争取到……\n\n\n\n太多太多，真要说的话，讲上三天三夜都不止。\n\n\n\n但如果问，我是对他怀疑，还是信任？\n\n\n\n这个问题实在过于简单，以至于回答都是多年的习惯使然。\n\n\n\n他相信我的承诺——我知道。\n\n\n\n而我相信他的誓言——会赢的。\n\n\n\n我不由深吸一口气，灭了那纷飞躁动的火星，静下心重头再来。\n\n\n\n“夏彦，你把丝带放低一点，我进里面再试试看。”\n\n\n\n“好。”\n\n\n\n夏彦答应着，微微屈膝，摆出一个刚好适合我进入的圈子。\n\n\n\n我到他跟前，轻轻抬脚跨入丝带围出的圈子，然后转身。\n\n\n\n我突然注意到了一点，夏彦现在都是听我的指挥行动的。他除了刚开始主动和我尝试了几次，之后就一直低着头思考破解的方法，也不怎么说话。\n\n\n\n但在某一瞬间，他的表情似乎有点奇怪——笑容里略带着一丝遗憾。\n\n\n\n是觉得没有头绪吗？\n\n\n\n我这么想着，耳畔忽然传来一声着急的呼喊。\n\n\n\n“小心——！”\n\n\n\n————————————————\n\n\n\n我一下从回忆中惊醒，而现实迎接我的，是突然向后滑倒的失重感。\n\n\n\n完了！\n\n\n\n我下意识闭上眼，脑海里已经上演了无数遍我摔倒时的惨状。\n\n\n\n“砰——！”\n\n\n\n身体撞到地板，传来一记沉重的闷响，然而，我预想的疼痛却始终没有袭来。\n\n\n\n不是幻觉，我撞的“地板”并不冷硬，侧脸竟然还感受到了隔着衣料的温热，以及可以称之为剧烈的心跳声，一下一下刺激着我的耳膜。\n\n\n\n我缓过神，微动了动身，却发现从后背到腰际，都被一只手臂有力地护住，刚一抬头，映入眼帘的是一条轮廓分明的下颌线。\n\n\n\n夏彦……\n\n\n\n我愣了几秒，无意识地低喃。\n\n\n\n不对！我瞳孔骤缩。\n\n\n\n“夏彦！”\n\n\n\n之前那一声沉重的闷响如同惊雷在我脑海中炸开。\n\n\n\n我一下爬起来，慌道：“你没事吧？！哪里摔疼了？有没有受伤？”\n\n\n\n他似乎被我一连串的问题问得有些茫然，呆呆地没有说话，只是微微睁大了眼睛看着我，而我也只能紧盯着他，焦急地等待着他的回复。\n\n\n\n在夕阳缄默的余晖里，我们两个不知四目相对了多久。\n\n\n\n“啊……没事！我没事……你怎么样了？”\n\n\n\n他这时才反应过来，对自己的情况随便应付了几句，转而谈到了我，原本飘忽的眼神一下认真起来。\n\n\n\n我笑着皱眉，吐出一丝无奈，几乎每次都是这样，明明受苦受累的都是他，脑袋里却时时刻刻都想着自己。\n\n\n\n不可避免，又无法忽视，一种名为感动的情绪从我心底溢出。\n\n\n\n“疼都你受着了，我当然没事了。”\n\n\n\n或许是听出我语气里的嗔怪和心疼，他红着脸撇撇嘴：“应该的啊，福尔摩斯不也一直护着华生吗？”\n\n\n\n这能相提并论吗？我摇摇头，总觉得自己好像忘了什么事。\n\n\n\n“那个……”\n\n\n\n夏彦不好意思地嗫嚅了一声。\n\n\n\n“嗯？”\n\n\n\n我低头看着他，他倒是闪躲着不敢看我，而且那张脸愈来愈红。\n\n\n\n……\n\n\n\n我突然意识到，现在我俩是什么姿势。\n\n\n\n夏彦摔得躺在了地上，而我就在他的身侧勉强半支撑着身体，一只手还不知道怎么回事放在了人家的腰腹处，四目相对的距离估计还不过一尺……\n\n\n\n我的脸一下从手那里传染来了烫意，我顿时慌慌张张地要站起来，可越想快一点离开，动作只能越小心缓慢，谁让我和夏彦的手腕上都缠着互相的丝带，要是一下子拉开距离，我恐怕它们会因为禁受不住而崩断。\n\n\n\n这可是我和夏彦很宝贝的回忆啊。\n\n\n\n“我们都慢一点起来吧……”\n\n\n\n“好……”\n\n\n\n我低着头，不知道夏彦此刻是什么样的表情，但我估计，我俩在这上的心理素质应该半斤八两。\n\n\n\n好歹是搭档呢，一番配合下，我和夏彦回归了最初的站位。\n\n\n\n“那个，还剩多久时间啊？”\n\n\n\n我讪讪道。\n\n\n\n“三十秒。”\n\n\n\n他转头看向钟表，珊瑚色的眼里好像流露出一丝久违的怀念。\n\n\n\n我听到不禁有些懊恼，一定是我不小心摔倒浪费了太多时间……\n\n\n\n可是，话说回来，当年我们两个是怎么解开丝带的？\n\n\n\n“二十秒……”\n\n\n\n他温和的嗓音在我耳畔回响，此刻他朝我走来，金色的夕阳里，玫瑰色的丝带仿佛被蜜浸透，我下意识微抬起我的手，等他与我近在咫尺……\n\n\n\n——————————————————\n\n\n\n教室里的白纱窗帘，不知何时被暖风吹拂得荡漾起波浪似的裙摆。\n\n\n\n我微微睁大眼睛，惊艳于此刻这个为我低头侍弄的少年。\n\n\n\n夕阳安谧地给他勾勒出一层金边，他茶色的头发这时散发着异常柔和的光泽，发梢被风吹动，微微摇曳，眼里的珊瑚色似乎染了一层红霞，每一次眨眼，就犹如金红鱼摆动一次它美丽的鱼尾。\n\n\n\n我这才发现，我连呼吸都小心翼翼，生怕惊动他眸里认真的光。\n\n\n\n手表里的时间仿佛被拉长，我听着自己的心跳在无言地倒计时。\n\n\n\n五秒。\n\n\n\n他把自己的丝带穿过我手腕上系着的丝带圈。\n\n\n\n四秒。\n\n\n\n他把丝带慢慢拉出。\n\n\n\n三秒。\n\n\n\n丝带又在我手腕上缠绕了几圈。\n\n\n\n二秒。\n\n\n\n他渐渐退开。\n\n\n\n一秒。\n\n\n\n两根丝带被分开了，他距离我很远。\n\n\n\n没有了交叉的结，我明明应该感到高兴。\n\n\n\n可是不知道为什么，我却望着此时手腕上，孤单的丝带失神了片刻，喜悦只是一瞬，随即便被某种失落淹没，就像曾经被外来老师夸过的上课铃声，再活泼欢乐，也掩饰不了学生心底的叹息。\n\n\n\n我转头，朝那个男同学露出了微笑。\n\n\n\n——————————————————\n\n\n\n“解开了。”\n\n\n\n夏彦刚要退走，我突然抓住了他的手。\n\n\n\n……\n\n\n\n我们两人再次陷入了沉默。\n\n\n\n似乎是被我盯得不自在，他心虚地移开了视线。\n\n\n\n“怎……怎么了？”\n\n\n\n“你当年是不是早就知道解开丝带的方法了？”\n\n\n\n他的眼睛微微睁大了一瞬，随即对我笑起来：“怎么可能？我……”\n\n\n\n“你知道电视剧里，福尔摩斯因为没对华生说实话，然后就被他狠揍了一顿吗？”\n\n\n\n他听了我的话，顿时想笑，却又不敢，小心地瞄了我一眼后，那张俊俏的脸便充满了少年气的纠结。\n\n\n\n半天，他才吐了几个字。\n\n\n\n“我也是后面才想出来的，我，我只是……”\n\n\n\n想多和你维持一会那个状态……\n\n\n\n后面的话，他实在说不出口。\n\n\n\n看着他脸上浮现的绯红，我知道这已经够了。\n\n\n\n不知道此刻是庆幸还是遗憾，二十四岁的我，现在才明白十六岁的他，那份偷偷藏着的小心思。\n\n\n\n如果不是他今天的故技重施，这个秘密恐怕只会永远埋葬在我记忆的海底，再没有机会捡拾了。\n\n\n\n我无奈一笑，看他为难的样子，只能帮他编了个理由。\n\n\n\n“你就那么想体验，最后几秒才解决问题的快感吗？”\n\n\n\n“啊？”\n\n\n\n他一愣，旋即反应过来，笑着捋了捋额前的头发。\n\n\n\n“哎呀没办法，做竞赛题习惯了嘛……”\n\n\n\n他在我面前小心地松了一口气，星星点点的雀跃在他眼里闪烁。\n\n\n\n我记起来，那时候，他也是这样。\n\n\n\n“我厉害吧，我就说会赢的嘛。”\n\n\n\n走在树荫下，他得意地咬了一口雪糕。\n\n\n\n“是是是，卡在最后一秒解开。”\n\n\n\n虽然我也没资格说，但我就是想把他快要翘到天上的尾巴压下去。\n\n\n\n“最后一秒解开那也是解开了啊，再说了，要不是我想和你……”\n\n\n\n他忽然顿住，默默低头去咬雪糕了。\n\n\n\n“想和什么？”\n\n\n\n我纳闷他怎么忽然不说话了。\n\n\n\n“没想什么啊……我能想什么？”\n\n\n\n我瞥了他一眼，又在装傻，还装得这么蹩脚。\n\n\n\n“我觉得这就是个智商游戏。”\n\n\n\n半天，我还是忍不住吐槽道。\n\n\n\n“才不是。”夏彦转头反驳我，“还是因为我们两个人太默契了。”\n\n\n\n默契吗？也对吧。\n\n\n\n我舔了一口雪糕，凉丝丝的甜意在味蕾上化开。\n\n\n\n只是几个字，就能明白对方的暗示和潜台词；只是一个眼神，就知道对方的意愿想法；只是一个细微的动作，就能反应过来下一秒，他/她想让自己做什么……\n\n\n\n心有灵犀？我曾以为是这样。\n\n\n\n可我错了，在他突然消失的八年里，再熟稔的默契也无法为我指明方向。\n\n\n\n只是某些时候，我会突然想起他，这往往伴随着某种感觉，不知道为什么，很奇怪，也很莫名。\n\n\n\n再有时候，我竟然会冒出很荒唐的想法——我今后再也见不到他了。\n\n\n\n这个念头有时转瞬即逝，有时却让我难以入眠。\n\n\n\n日子就这样一天天地过去，平平淡淡，又忙忙碌碌。\n\n\n\n可是，就在普通到不能再普通的那一天，我和他之间交叉又分开的人生再次纠缠到一起。\n\n\n\n“你说这是默契还是天意？”\n\n\n\n我问他。\n\n\n\n他朝我眨了眨眼睛。\n\n\n\n我知道自己这话前言不搭后语，真要想，能指代的意思可就太多了。\n\n\n\n可我就是有一种冲动，我想问他，不管答案是什么，我都只想问问他。\n\n\n\n但他好像明白了，冲我笑得灿烂：“因为我们的默契，上苍降下了天意。”\n\n\n\n“只要相交过一次，便再不可能分离。”\n\n\n\n我终究还是忍不住，那份被我故意遗忘的，或是深深埋葬的——思念。\n\n\n\n夏彦微微睁大了眼睛看着我。\n\n\n\n我们原本就互相注视着对方，只是这时，看得愈发深情和热烈，视线彼此纠缠，空气里弥漫着两人的缄默，唯有剧烈的心跳声一次次敲击着这宁静一刻。\n\n\n\n我突然回过神，难以置信自己刚刚说了什么。\n\n\n\n“我……我下楼看看斯芬克斯的消息发来没……”\n\n\n\n话未说完，我就跑下了二楼。\n\n\n\n————————————————————\n\n\n\n夏彦看着女孩匆匆跑下楼的身影，默默地低头，半掩了被余晖晒红的脸。\n\n\n\n“哈哈……真不愧是文科第一啊……”\n\n\n\n桌上，两条解开的丝带被风轻轻地舒展开，金色的柔光里，少年的字迹依稀浮现。\n\n\n\n夏彦轻轻抚摸着回忆的丝带，渐沉的落日掉进了他的眸里。\n\n\n\n我不想\n\n\n\n亲手解开我们的结\n\n\n\n如果有幸\n\n\n\n我愿在金色的时光里\n\n\n\n慢慢与你\n\n\n\n纠缠一生\n\n\n\n夏\n\n\n\n————————————————\n\n感谢看到这里(/ω＼)，附带夏彦写诗时的一个小秘密：\n\n\n\n最后结尾的单字署名是被夏彦反复纠结过的，最后还是选了夏，因为如果是彦，万一哪天被她看到……那就太不好意思了……（看不出来，他年少时就有那种念头了，嘿嘿嘿）\n\n\n\n夏彦（脸红）：谁说的？只是那些文豪都这么写情诗而已啊，我学的像嘛……（小声）\n\n\n\n诗人文豪（摇头）：不，不是，我们没有。', '<p>我不想</p>\n<p>亲手解开我们的结</p>\n<p>如果有幸</p>\n<p>我愿在金色的时光里</p>\n<p>慢慢与你</p>\n<p>纠缠一生</p>\n<p>夏</p>\n<p>———————————————————</p>\n<p>解决完斯芬克斯的谜题后，太阳已经西沉。</p>\n<p>回去的路上，我和夏彦放松地聊起天来。</p>\n<p>“夏彦，你说这里面会不会有他给我们准备的晚餐券？”</p>\n<p>我摇了摇这次获胜的战利品——一个精致的小礼盒。</p>\n<p>“可能吧。虽然他这个人很奇怪，不过，吃饭的品味还算不错。”</p>\n<p>夏彦点了点头，虽不情愿，但他的评价还是很诚实的，诚实得激起了我现在才意识到的饥饿。</p>\n<p>“你这么一说我肚子就开始叫了。”</p>\n<p>我无奈一笑。</p>\n<p>他好像早料到我会这么说，转头对我笑道：“那把东西放店里，我们就去吃饭吧？”</p>\n<p>“好啊，那我们走快点。”</p>\n<p>我忽然就有了前进的动力，一下快跑了好几步。</p>\n<p>“哎，等等我啊，慢点！”</p>\n<p>夏彦立即迈开步子。</p>\n<p>女孩在不远处站定，笑着转身，朝他挥了挥手里的小红盒。</p>\n<p>夕阳下，她手里的小物件泛着金色的光泽，一瞬间竟晃了他的眼。</p>\n<p>夏彦不知道，那盒子里面过往的风景，会比此时沐浴在光里的她更美吗？</p>\n<p>———————————————————</p>\n<p>回到店里，在好奇心的驱使下，我和夏彦一同揭开了这盒子的神秘面纱——</p>\n<p>里面安静地睡着两条粉色丝带。</p>\n<p>“这是……”</p>\n<p>我不禁取出一条细细打量：丝带很长，大概有一米，通体光滑，只是首尾两端还残留有轻微的折痕。</p>\n<p>乍一看，的确是很普通的丝带，市面上常卖的那种，可不知为什么，我越看越有些眼熟。</p>\n<p>我是不是曾经……</p>\n<p>我正努力回忆，这时另一条丝带轻轻拂过我的手背，有点痒。</p>\n<p>我无意识地一瞥，不知道什么时候，身边的夏彦手心里也捧了交缠的一团。</p>\n<p>他的神色异常温柔，珊瑚色的眼里，仿佛绽放了一朵粉色的花。</p>\n<p>等他抬头对上我的眼睛，我才回过神来，迟钝了几秒，心底莫名有点慌。</p>\n<p>这时，好像是为了拯救我的无措，一瞬记忆忽然闪过我的脑海。</p>\n<p>“这是我们高一的时候一起系过的丝带吧？你还把这个要过来了啊？”</p>\n<p>我笑了笑。</p>\n<p>“那件事你还记得？”</p>\n<p>他语调上扬，看着我的眼里闪烁着惊喜。</p>\n<p>夏彦这样的反应让我微愣，而此时，我却无法与他感同身受。</p>\n<p>我是不是忘了什么……很重要的回忆？</p>\n<p>心头忽然掠过一丝遗憾，我笑着摇了摇头：“不是太记得了，时间过去太久，只有个模糊的印象而已。”</p>\n<p>说着，我默默把视线转到丝带上。</p>\n<p>“走，我们上二楼。”</p>\n<p>耳边忽然响起他的声音，未待我反应过来，手腕上忽的一热。</p>\n<p>他拉着我走在前面，转头朝我笑着眨了眨眼：“就当帮我个忙，我想再用它们玩一次。”</p>\n<p>我听着，不免好笑一声，骗谁啊？</p>\n<p>估计是看我有些惆怅不记得那时候的事了，才会编这样一个理由出来，好替我“排忧解难”。</p>\n<p>这个想法十分合理，可我依然无法打消自己冒出的其他念头，无法忽略覆在手腕上的温热又柔软的触感，以及，耳畔那已经渐渐开始加速的心跳声。</p>\n<p>—————————————————————</p>\n<p>二楼的空间比较大，玩游戏的话这里的确更适合。</p>\n<p>我们俩挑了处靠窗的地方，夏彦就站在我的面前，小心地给我双手系上丝带。</p>\n<p>他的动作不慌不忙，缠绕，打结，固定，好像每个动作都透露着一股得心应手，莫名给我一种他私下练过很多次的娴熟感。</p>\n<p>怎么可能？</p>\n<p>我在心里立即否决了这个想法，感叹自己想象力的丰富。</p>\n<p>不过话说回来，夏彦为什么，会把这两条丝带放进他的箱子里呢？</p>\n<p>“紧吗？”</p>\n<p>他忽然问道。</p>\n<p>我翩飞的思绪一下被打断，顿时有种做贼心虚被发现的慌张，也顾不上什么，只是飞快摇头。</p>\n<p>“那就好。”</p>\n<p>他笑了笑，专心系丝带的另一头。</p>\n<p>我不自觉地偏头，明明他的手指一点都没有碰到我，可刚刚平静下来的心跳又开始不受控制地加快了。</p>\n<p>唉……</p>\n<p>我有些无奈，想着夏彦要是能把丝带系在我的心上就好了，这样它或许能稍微安分一点。</p>\n<p>我这么想着，夏彦此刻依旧站在我的眼前，安静地帮我系着丝带，我只要微微低头，就能看见他挂在胸前的钥匙，铜质的边缘闪耀着一缕夕阳的金线……</p>\n<p>【觉得大家可能想象不出就放张图】</p>\n<p><img src=\"http://localhost:8081/img/articleimg/20200902/0128c89a-96b7-4d47-83c0-9a484ae7eff5_image.png\" alt=\"image.png\" /><br />\n————————————————————</p>\n<p>“准备好了吗？大侦探和他的华生？”</p>\n<p>我听着同学的话，不免翘起嘴角，也不知道他从哪儿找来的测默契度的游戏，还专门跑来给我和夏彦测。</p>\n<p>“再说一遍游戏规则啊，别到时候忘了。两根丝带都交叉绑在你们的手腕上了吧，只要你们能在不接触丝带接口的情况下，五分钟内解开这两条丝带，就算你们赢了。”</p>\n<p>我和夏彦都点点头。</p>\n<p>“嘿嘿，输了的话，你们上课吃饭都要这样绑着丝带，不能松哦……”</p>\n<p>那男同学说着露出一丝坏笑。</p>\n<p>“嗯？你这要求怎么不在我们答应之前提？”</p>\n<p>我笑了笑。</p>\n<p>“你这话的意思是，你们现在就要认输了？”</p>\n<p>那男同学刺激我道。</p>\n<p>这也太会说话了吧？</p>\n<p>我刚想辩驳他几句，只听夏彦一声轻笑：“课后时间本来就无聊，我们玩这一场也正好打发时间了。可是，你说现在天气这么热……”</p>\n<p>夏彦微微看了我一眼。</p>\n<p>我一下明白过来他的意思，笑着转向那个男同学：“你输了，就在晚饭时间去小卖部给我们两个买冷饮，东西你买，钱我们照付。怎么样，你敢答应吗？”</p>\n<p>我刚说完，就在心底吐槽，谁没见识过吃饭时间的食堂？那众人狂奔的场面说是“丧尸围城”都不为过，不得不说，夏彦提的这要求也是绝了。</p>\n<p>“行啊，一言为定，我来看着表。”</p>\n<p>那男同学答应的倒是爽快。</p>\n<p>在等待开始的时间里，某一秒，我看见夏彦微微动了动嘴。</p>\n<p>“会赢的。”</p>\n<p>我弯了弯嘴角。</p>\n<p>“我知道。”</p>\n<p>——————————————————</p>\n<p>事后回忆起来，我一度怀疑这游戏不是测默契的，而是测智商的。</p>\n<p>折腾了两三分钟，我和夏彦努力的成果就只有相互换了个位置而已。</p>\n<p>“你们只剩两分钟喽～”</p>\n<p>男同学得意的提醒声在耳边回荡，我皱眉，能回应他的只有弥漫在空气里焦灼的沉默。</p>\n<p>时间依旧在不管不顾地走着，我竟然有种秒针每跳一格，我的心就被踩上一脚的感觉。它们踩的狠，溜得却快。</p>\n<p>我无可奈何地忍着，谁让我在这个简单的交叉迷宫里找不到出路呢？</p>\n<p>然而从心底冒出的火苗，正在不可遏制地迸跳摇曳着，燃得躁动，逼迫着我给所有的路打上死结。</p>\n<p>为什么解不开？我不停重复着这个困惑，直到另一个念头闪过。</p>\n<p>难不成要输了吗？</p>\n<p>我承认这个念头我不该有，它立即成功地与我做竞赛题时痛苦的心路历程产生了共鸣：心怀希望又很快惨遭破灭，然后反反复复，如此折磨。</p>\n<p>说的直白一点，就是赤裸裸的挫败感。</p>\n<p>“不要着急。”</p>\n<p>他的声音从对面传来，语气不慌不忙，嘴角的笑意很是从容不迫。</p>\n<p>哦，这也是他常说的话，特别是在我绞尽脑汁，无论如何都做不出题的时候。</p>\n<p>我抬头对上那双珊瑚色的眼睛，不知道为什么，他的目光好像比以往更加平静温柔，只是看着，就莫名地让我生出一股安心感。</p>\n<p>小的时候，我很好奇，夏彦的眼睛里是不是藏着什么魔法，不然，他为什么能总让我时刻感受到，自己无论在何地，都是被温暖着的，陪伴着的，保护着的？</p>\n<p>即便到了现在，也是一样。</p>\n<p>但不同的是，长大后，我渐渐意识到自己那时想法的天真。</p>\n<p>那不是魔法，或者说，是比魔法更加奇妙的东西，我到现在还没办法说清楚它，但有一点我可以确定，除了至亲，就只是对夏彦，我才会生出这样的感觉。</p>\n<p>至于为什么，这是个无解的问题，原因实在太多了。</p>\n<p>或许是因为我和夏彦从小到大都在一起，我们已是互相的家人；或许是他无时无刻不陪伴着我，陪我哭陪我笑；或许是他从未对我食言，只要我想要的，他都会想尽办法为我争取到……</p>\n<p>太多太多，真要说的话，讲上三天三夜都不止。</p>\n<p>但如果问，我是对他怀疑，还是信任？</p>\n<p>这个问题实在过于简单，以至于回答都是多年的习惯使然。</p>\n<p>他相信我的承诺——我知道。</p>\n<p>而我相信他的誓言——会赢的。</p>\n<p>我不由深吸一口气，灭了那纷飞躁动的火星，静下心重头再来。</p>\n<p>“夏彦，你把丝带放低一点，我进里面再试试看。”</p>\n<p>“好。”</p>\n<p>夏彦答应着，微微屈膝，摆出一个刚好适合我进入的圈子。</p>\n<p>我到他跟前，轻轻抬脚跨入丝带围出的圈子，然后转身。</p>\n<p>我突然注意到了一点，夏彦现在都是听我的指挥行动的。他除了刚开始主动和我尝试了几次，之后就一直低着头思考破解的方法，也不怎么说话。</p>\n<p>但在某一瞬间，他的表情似乎有点奇怪——笑容里略带着一丝遗憾。</p>\n<p>是觉得没有头绪吗？</p>\n<p>我这么想着，耳畔忽然传来一声着急的呼喊。</p>\n<p>“小心——！”</p>\n<p>————————————————</p>\n<p>我一下从回忆中惊醒，而现实迎接我的，是突然向后滑倒的失重感。</p>\n<p>完了！</p>\n<p>我下意识闭上眼，脑海里已经上演了无数遍我摔倒时的惨状。</p>\n<p>“砰——！”</p>\n<p>身体撞到地板，传来一记沉重的闷响，然而，我预想的疼痛却始终没有袭来。</p>\n<p>不是幻觉，我撞的“地板”并不冷硬，侧脸竟然还感受到了隔着衣料的温热，以及可以称之为剧烈的心跳声，一下一下刺激着我的耳膜。</p>\n<p>我缓过神，微动了动身，却发现从后背到腰际，都被一只手臂有力地护住，刚一抬头，映入眼帘的是一条轮廓分明的下颌线。</p>\n<p>夏彦……</p>\n<p>我愣了几秒，无意识地低喃。</p>\n<p>不对！我瞳孔骤缩。</p>\n<p>“夏彦！”</p>\n<p>之前那一声沉重的闷响如同惊雷在我脑海中炸开。</p>\n<p>我一下爬起来，慌道：“你没事吧？！哪里摔疼了？有没有受伤？”</p>\n<p>他似乎被我一连串的问题问得有些茫然，呆呆地没有说话，只是微微睁大了眼睛看着我，而我也只能紧盯着他，焦急地等待着他的回复。</p>\n<p>在夕阳缄默的余晖里，我们两个不知四目相对了多久。</p>\n<p>“啊……没事！我没事……你怎么样了？”</p>\n<p>他这时才反应过来，对自己的情况随便应付了几句，转而谈到了我，原本飘忽的眼神一下认真起来。</p>\n<p>我笑着皱眉，吐出一丝无奈，几乎每次都是这样，明明受苦受累的都是他，脑袋里却时时刻刻都想着自己。</p>\n<p>不可避免，又无法忽视，一种名为感动的情绪从我心底溢出。</p>\n<p>“疼都你受着了，我当然没事了。”</p>\n<p>或许是听出我语气里的嗔怪和心疼，他红着脸撇撇嘴：“应该的啊，福尔摩斯不也一直护着华生吗？”</p>\n<p>这能相提并论吗？我摇摇头，总觉得自己好像忘了什么事。</p>\n<p>“那个……”</p>\n<p>夏彦不好意思地嗫嚅了一声。</p>\n<p>“嗯？”</p>\n<p>我低头看着他，他倒是闪躲着不敢看我，而且那张脸愈来愈红。</p>\n<p>……</p>\n<p>我突然意识到，现在我俩是什么姿势。</p>\n<p>夏彦摔得躺在了地上，而我就在他的身侧勉强半支撑着身体，一只手还不知道怎么回事放在了人家的腰腹处，四目相对的距离估计还不过一尺……</p>\n<p>我的脸一下从手那里传染来了烫意，我顿时慌慌张张地要站起来，可越想快一点离开，动作只能越小心缓慢，谁让我和夏彦的手腕上都缠着互相的丝带，要是一下子拉开距离，我恐怕它们会因为禁受不住而崩断。</p>\n<p>这可是我和夏彦很宝贝的回忆啊。</p>\n<p>“我们都慢一点起来吧……”</p>\n<p>“好……”</p>\n<p>我低着头，不知道夏彦此刻是什么样的表情，但我估计，我俩在这上的心理素质应该半斤八两。</p>\n<p>好歹是搭档呢，一番配合下，我和夏彦回归了最初的站位。</p>\n<p>“那个，还剩多久时间啊？”</p>\n<p>我讪讪道。</p>\n<p>“三十秒。”</p>\n<p>他转头看向钟表，珊瑚色的眼里好像流露出一丝久违的怀念。</p>\n<p>我听到不禁有些懊恼，一定是我不小心摔倒浪费了太多时间……</p>\n<p>可是，话说回来，当年我们两个是怎么解开丝带的？</p>\n<p>“二十秒……”</p>\n<p>他温和的嗓音在我耳畔回响，此刻他朝我走来，金色的夕阳里，玫瑰色的丝带仿佛被蜜浸透，我下意识微抬起我的手，等他与我近在咫尺……</p>\n<p>——————————————————</p>\n<p>教室里的白纱窗帘，不知何时被暖风吹拂得荡漾起波浪似的裙摆。</p>\n<p>我微微睁大眼睛，惊艳于此刻这个为我低头侍弄的少年。</p>\n<p>夕阳安谧地给他勾勒出一层金边，他茶色的头发这时散发着异常柔和的光泽，发梢被风吹动，微微摇曳，眼里的珊瑚色似乎染了一层红霞，每一次眨眼，就犹如金红鱼摆动一次它美丽的鱼尾。</p>\n<p>我这才发现，我连呼吸都小心翼翼，生怕惊动他眸里认真的光。</p>\n<p>手表里的时间仿佛被拉长，我听着自己的心跳在无言地倒计时。</p>\n<p>五秒。</p>\n<p>他把自己的丝带穿过我手腕上系着的丝带圈。</p>\n<p>四秒。</p>\n<p>他把丝带慢慢拉出。</p>\n<p>三秒。</p>\n<p>丝带又在我手腕上缠绕了几圈。</p>\n<p>二秒。</p>\n<p>他渐渐退开。</p>\n<p>一秒。</p>\n<p>两根丝带被分开了，他距离我很远。</p>\n<p>没有了交叉的结，我明明应该感到高兴。</p>\n<p>可是不知道为什么，我却望着此时手腕上，孤单的丝带失神了片刻，喜悦只是一瞬，随即便被某种失落淹没，就像曾经被外来老师夸过的上课铃声，再活泼欢乐，也掩饰不了学生心底的叹息。</p>\n<p>我转头，朝那个男同学露出了微笑。</p>\n<p>——————————————————</p>\n<p>“解开了。”</p>\n<p>夏彦刚要退走，我突然抓住了他的手。</p>\n<p>……</p>\n<p>我们两人再次陷入了沉默。</p>\n<p>似乎是被我盯得不自在，他心虚地移开了视线。</p>\n<p>“怎……怎么了？”</p>\n<p>“你当年是不是早就知道解开丝带的方法了？”</p>\n<p>他的眼睛微微睁大了一瞬，随即对我笑起来：“怎么可能？我……”</p>\n<p>“你知道电视剧里，福尔摩斯因为没对华生说实话，然后就被他狠揍了一顿吗？”</p>\n<p>他听了我的话，顿时想笑，却又不敢，小心地瞄了我一眼后，那张俊俏的脸便充满了少年气的纠结。</p>\n<p>半天，他才吐了几个字。</p>\n<p>“我也是后面才想出来的，我，我只是……”</p>\n<p>想多和你维持一会那个状态……</p>\n<p>后面的话，他实在说不出口。</p>\n<p>看着他脸上浮现的绯红，我知道这已经够了。</p>\n<p>不知道此刻是庆幸还是遗憾，二十四岁的我，现在才明白十六岁的他，那份偷偷藏着的小心思。</p>\n<p>如果不是他今天的故技重施，这个秘密恐怕只会永远埋葬在我记忆的海底，再没有机会捡拾了。</p>\n<p>我无奈一笑，看他为难的样子，只能帮他编了个理由。</p>\n<p>“你就那么想体验，最后几秒才解决问题的快感吗？”</p>\n<p>“啊？”</p>\n<p>他一愣，旋即反应过来，笑着捋了捋额前的头发。</p>\n<p>“哎呀没办法，做竞赛题习惯了嘛……”</p>\n<p>他在我面前小心地松了一口气，星星点点的雀跃在他眼里闪烁。</p>\n<p>我记起来，那时候，他也是这样。</p>\n<p>“我厉害吧，我就说会赢的嘛。”</p>\n<p>走在树荫下，他得意地咬了一口雪糕。</p>\n<p>“是是是，卡在最后一秒解开。”</p>\n<p>虽然我也没资格说，但我就是想把他快要翘到天上的尾巴压下去。</p>\n<p>“最后一秒解开那也是解开了啊，再说了，要不是我想和你……”</p>\n<p>他忽然顿住，默默低头去咬雪糕了。</p>\n<p>“想和什么？”</p>\n<p>我纳闷他怎么忽然不说话了。</p>\n<p>“没想什么啊……我能想什么？”</p>\n<p>我瞥了他一眼，又在装傻，还装得这么蹩脚。</p>\n<p>“我觉得这就是个智商游戏。”</p>\n<p>半天，我还是忍不住吐槽道。</p>\n<p>“才不是。”夏彦转头反驳我，“还是因为我们两个人太默契了。”</p>\n<p>默契吗？也对吧。</p>\n<p>我舔了一口雪糕，凉丝丝的甜意在味蕾上化开。</p>\n<p>只是几个字，就能明白对方的暗示和潜台词；只是一个眼神，就知道对方的意愿想法；只是一个细微的动作，就能反应过来下一秒，他/她想让自己做什么……</p>\n<p>心有灵犀？我曾以为是这样。</p>\n<p>可我错了，在他突然消失的八年里，再熟稔的默契也无法为我指明方向。</p>\n<p>只是某些时候，我会突然想起他，这往往伴随着某种感觉，不知道为什么，很奇怪，也很莫名。</p>\n<p>再有时候，我竟然会冒出很荒唐的想法——我今后再也见不到他了。</p>\n<p>这个念头有时转瞬即逝，有时却让我难以入眠。</p>\n<p>日子就这样一天天地过去，平平淡淡，又忙忙碌碌。</p>\n<p>可是，就在普通到不能再普通的那一天，我和他之间交叉又分开的人生再次纠缠到一起。</p>\n<p>“你说这是默契还是天意？”</p>\n<p>我问他。</p>\n<p>他朝我眨了眨眼睛。</p>\n<p>我知道自己这话前言不搭后语，真要想，能指代的意思可就太多了。</p>\n<p>可我就是有一种冲动，我想问他，不管答案是什么，我都只想问问他。</p>\n<p>但他好像明白了，冲我笑得灿烂：“因为我们的默契，上苍降下了天意。”</p>\n<p>“只要相交过一次，便再不可能分离。”</p>\n<p>我终究还是忍不住，那份被我故意遗忘的，或是深深埋葬的——思念。</p>\n<p>夏彦微微睁大了眼睛看着我。</p>\n<p>我们原本就互相注视着对方，只是这时，看得愈发深情和热烈，视线彼此纠缠，空气里弥漫着两人的缄默，唯有剧烈的心跳声一次次敲击着这宁静一刻。</p>\n<p>我突然回过神，难以置信自己刚刚说了什么。</p>\n<p>“我……我下楼看看斯芬克斯的消息发来没……”</p>\n<p>话未说完，我就跑下了二楼。</p>\n<p>————————————————————</p>\n<p>夏彦看着女孩匆匆跑下楼的身影，默默地低头，半掩了被余晖晒红的脸。</p>\n<p>“哈哈……真不愧是文科第一啊……”</p>\n<p>桌上，两条解开的丝带被风轻轻地舒展开，金色的柔光里，少年的字迹依稀浮现。</p>\n<p>夏彦轻轻抚摸着回忆的丝带，渐沉的落日掉进了他的眸里。</p>\n<p>我不想</p>\n<p>亲手解开我们的结</p>\n<p>如果有幸</p>\n<p>我愿在金色的时光里</p>\n<p>慢慢与你</p>\n<p>纠缠一生</p>\n<p>夏</p>\n<p>————————————————</p>\n<p>感谢看到这里(/ω＼)，附带夏彦写诗时的一个小秘密：</p>\n<p>最后结尾的单字署名是被夏彦反复纠结过的，最后还是选了夏，因为如果是彦，万一哪天被她看到……那就太不好意思了……（看不出来，他年少时就有那种念头了，嘿嘿嘿）</p>\n<p>夏彦（脸红）：谁说的？只是那些文豪都这么写情诗而已啊，我学的像嘛……（小声）</p>\n<p>诗人文豪（摇头）：不，不是，我们没有。</p>\n', '我不想\n亲手解开我们的结\n如果有幸\n我愿在金色的时光里\n慢慢与你\n纠缠一生\n夏\n——————————,全部', null, '6052136', '14', '2020-09-02 20:12:30', '2020-09-02 20:12:30', '1', '0', '0');

-- ----------------------------
-- Table structure for `articletopic`
-- ----------------------------
DROP TABLE IF EXISTS `articletopic`;
CREATE TABLE `articletopic` (
  `id` int(11) NOT NULL AUTO_INCREMENT,
  `aid` int(11) NOT NULL,
  `tid` int(11) NOT NULL,
  PRIMARY KEY (`id`),
  KEY `aid` (`aid`),
  KEY `tid` (`tid`),
  CONSTRAINT `articleTopic_aidfk` FOREIGN KEY (`aid`) REFERENCES `article` (`id`),
  CONSTRAINT `articleTopic_tidfk` FOREIGN KEY (`tid`) REFERENCES `topic` (`id`)
) ENGINE=InnoDB DEFAULT CHARSET=utf8;

-- ----------------------------
-- Records of articletopic
-- ----------------------------

-- ----------------------------
-- Table structure for `articletopics`
-- ----------------------------
DROP TABLE IF EXISTS `articletopics`;
CREATE TABLE `articletopics` (
  `id` int(11) NOT NULL AUTO_INCREMENT,
  `aid` int(11) NOT NULL,
  `tid` int(11) NOT NULL,
  PRIMARY KEY (`id`),
  KEY `aid` (`aid`),
  KEY `tid` (`tid`),
  CONSTRAINT `articleTopics_aidfk` FOREIGN KEY (`aid`) REFERENCES `article` (`id`),
  CONSTRAINT `articleTopics_tidfk` FOREIGN KEY (`tid`) REFERENCES `topic` (`id`)
) ENGINE=InnoDB AUTO_INCREMENT=338 DEFAULT CHARSET=utf8;

-- ----------------------------
-- Records of articletopics
-- ----------------------------
INSERT INTO `articletopics` VALUES ('1', '1', '15');
INSERT INTO `articletopics` VALUES ('2', '1', '16');
INSERT INTO `articletopics` VALUES ('3', '1', '17');
INSERT INTO `articletopics` VALUES ('4', '1', '18');
INSERT INTO `articletopics` VALUES ('5', '1', '19');
INSERT INTO `articletopics` VALUES ('6', '1', '20');
INSERT INTO `articletopics` VALUES ('7', '1', '21');
INSERT INTO `articletopics` VALUES ('8', '1', '27');
INSERT INTO `articletopics` VALUES ('9', '1', '28');
INSERT INTO `articletopics` VALUES ('10', '1', '29');
INSERT INTO `articletopics` VALUES ('11', '122', '15');
INSERT INTO `articletopics` VALUES ('12', '122', '16');
INSERT INTO `articletopics` VALUES ('13', '122', '18');
INSERT INTO `articletopics` VALUES ('14', '122', '19');
INSERT INTO `articletopics` VALUES ('15', '122', '20');
INSERT INTO `articletopics` VALUES ('16', '122', '21');
INSERT INTO `articletopics` VALUES ('17', '122', '22');
INSERT INTO `articletopics` VALUES ('18', '122', '23');
INSERT INTO `articletopics` VALUES ('19', '123', '15');
INSERT INTO `articletopics` VALUES ('20', '123', '16');
INSERT INTO `articletopics` VALUES ('21', '123', '18');
INSERT INTO `articletopics` VALUES ('22', '123', '19');
INSERT INTO `articletopics` VALUES ('23', '123', '20');
INSERT INTO `articletopics` VALUES ('24', '123', '21');
INSERT INTO `articletopics` VALUES ('25', '123', '22');
INSERT INTO `articletopics` VALUES ('26', '123', '23');
INSERT INTO `articletopics` VALUES ('27', '124', '15');
INSERT INTO `articletopics` VALUES ('28', '124', '16');
INSERT INTO `articletopics` VALUES ('29', '124', '18');
INSERT INTO `articletopics` VALUES ('30', '124', '19');
INSERT INTO `articletopics` VALUES ('31', '124', '20');
INSERT INTO `articletopics` VALUES ('32', '124', '21');
INSERT INTO `articletopics` VALUES ('33', '124', '22');
INSERT INTO `articletopics` VALUES ('34', '124', '23');
INSERT INTO `articletopics` VALUES ('43', '125', '27');
INSERT INTO `articletopics` VALUES ('44', '125', '28');
INSERT INTO `articletopics` VALUES ('45', '125', '29');
INSERT INTO `articletopics` VALUES ('46', '125', '30');
INSERT INTO `articletopics` VALUES ('47', '125', '31');
INSERT INTO `articletopics` VALUES ('48', '125', '32');
INSERT INTO `articletopics` VALUES ('57', '126', '27');
INSERT INTO `articletopics` VALUES ('58', '126', '28');
INSERT INTO `articletopics` VALUES ('59', '126', '29');
INSERT INTO `articletopics` VALUES ('60', '126', '30');
INSERT INTO `articletopics` VALUES ('61', '126', '31');
INSERT INTO `articletopics` VALUES ('62', '126', '32');
INSERT INTO `articletopics` VALUES ('63', '127', '15');
INSERT INTO `articletopics` VALUES ('64', '127', '16');
INSERT INTO `articletopics` VALUES ('65', '127', '18');
INSERT INTO `articletopics` VALUES ('66', '127', '19');
INSERT INTO `articletopics` VALUES ('67', '127', '21');
INSERT INTO `articletopics` VALUES ('68', '127', '22');
INSERT INTO `articletopics` VALUES ('75', '128', '1');
INSERT INTO `articletopics` VALUES ('76', '128', '2');
INSERT INTO `articletopics` VALUES ('77', '128', '3');
INSERT INTO `articletopics` VALUES ('78', '128', '4');
INSERT INTO `articletopics` VALUES ('79', '128', '5');
INSERT INTO `articletopics` VALUES ('80', '128', '6');
INSERT INTO `articletopics` VALUES ('81', '128', '7');
INSERT INTO `articletopics` VALUES ('88', '129', '1');
INSERT INTO `articletopics` VALUES ('89', '129', '2');
INSERT INTO `articletopics` VALUES ('90', '129', '5');
INSERT INTO `articletopics` VALUES ('91', '129', '6');
INSERT INTO `articletopics` VALUES ('92', '129', '4');
INSERT INTO `articletopics` VALUES ('104', '130', '11');
INSERT INTO `articletopics` VALUES ('105', '130', '12');
INSERT INTO `articletopics` VALUES ('106', '130', '13');
INSERT INTO `articletopics` VALUES ('107', '130', '14');
INSERT INTO `articletopics` VALUES ('119', '131', '11');
INSERT INTO `articletopics` VALUES ('120', '131', '12');
INSERT INTO `articletopics` VALUES ('121', '131', '13');
INSERT INTO `articletopics` VALUES ('206', '137', '33');
INSERT INTO `articletopics` VALUES ('207', '137', '34');
INSERT INTO `articletopics` VALUES ('208', '137', '35');
INSERT INTO `articletopics` VALUES ('209', '137', '36');
INSERT INTO `articletopics` VALUES ('210', '137', '37');
INSERT INTO `articletopics` VALUES ('211', '137', '38');
INSERT INTO `articletopics` VALUES ('212', '137', '39');
INSERT INTO `articletopics` VALUES ('227', '138', '33');
INSERT INTO `articletopics` VALUES ('228', '138', '35');
INSERT INTO `articletopics` VALUES ('229', '138', '36');
INSERT INTO `articletopics` VALUES ('230', '138', '37');
INSERT INTO `articletopics` VALUES ('231', '138', '38');
INSERT INTO `articletopics` VALUES ('232', '138', '39');
INSERT INTO `articletopics` VALUES ('247', '139', '33');
INSERT INTO `articletopics` VALUES ('248', '139', '35');
INSERT INTO `articletopics` VALUES ('249', '139', '36');
INSERT INTO `articletopics` VALUES ('250', '139', '37');
INSERT INTO `articletopics` VALUES ('251', '139', '38');
INSERT INTO `articletopics` VALUES ('252', '139', '39');
INSERT INTO `articletopics` VALUES ('273', '140', '48');
INSERT INTO `articletopics` VALUES ('274', '140', '49');
INSERT INTO `articletopics` VALUES ('275', '140', '50');
INSERT INTO `articletopics` VALUES ('276', '140', '51');
INSERT INTO `articletopics` VALUES ('277', '140', '52');
INSERT INTO `articletopics` VALUES ('278', '140', '53');
INSERT INTO `articletopics` VALUES ('279', '140', '54');
INSERT INTO `articletopics` VALUES ('280', '140', '55');
INSERT INTO `articletopics` VALUES ('301', '141', '48');
INSERT INTO `articletopics` VALUES ('302', '141', '49');
INSERT INTO `articletopics` VALUES ('303', '141', '51');
INSERT INTO `articletopics` VALUES ('304', '141', '53');
INSERT INTO `articletopics` VALUES ('305', '141', '55');
INSERT INTO `articletopics` VALUES ('331', '142', '66');
INSERT INTO `articletopics` VALUES ('332', '142', '67');
INSERT INTO `articletopics` VALUES ('333', '142', '68');
INSERT INTO `articletopics` VALUES ('334', '142', '69');
INSERT INTO `articletopics` VALUES ('335', '142', '70');
INSERT INTO `articletopics` VALUES ('336', '142', '71');
INSERT INTO `articletopics` VALUES ('337', '142', '72');

-- ----------------------------
-- Table structure for `article_tags`
-- ----------------------------
DROP TABLE IF EXISTS `article_tags`;
CREATE TABLE `article_tags` (
  `id` int(11) NOT NULL AUTO_INCREMENT,
  `aid` int(11) DEFAULT NULL,
  `tid` int(11) DEFAULT NULL,
  PRIMARY KEY (`id`),
  KEY `tid` (`tid`),
  KEY `article_tags_ibfk_1` (`aid`),
  CONSTRAINT `article_tags_ibfk_1` FOREIGN KEY (`aid`) REFERENCES `article` (`id`) ON DELETE CASCADE,
  CONSTRAINT `article_tags_ibfk_2` FOREIGN KEY (`tid`) REFERENCES `tags` (`id`)
) ENGINE=InnoDB DEFAULT CHARSET=utf8;

-- ----------------------------
-- Records of article_tags
-- ----------------------------

-- ----------------------------
-- Table structure for `asubscribes`
-- ----------------------------
DROP TABLE IF EXISTS `asubscribes`;
CREATE TABLE `asubscribes` (
  `id` int(11) NOT NULL AUTO_INCREMENT,
  `aid` int(11) DEFAULT NULL,
  `asubscribeDate` datetime DEFAULT NULL,
  `uid` int(11) DEFAULT NULL,
  PRIMARY KEY (`id`),
  KEY `aid` (`aid`),
  KEY `uid` (`uid`),
  CONSTRAINT `asubscribes_asibfk_1` FOREIGN KEY (`aid`) REFERENCES `article` (`id`),
  CONSTRAINT `asubscribes_asibfk_2` FOREIGN KEY (`uid`) REFERENCES `user` (`id`)
) ENGINE=InnoDB AUTO_INCREMENT=46 DEFAULT CHARSET=utf8;

-- ----------------------------
-- Records of asubscribes
-- ----------------------------
INSERT INTO `asubscribes` VALUES ('2', '1', '2020-12-24 10:05:20', '7');
INSERT INTO `asubscribes` VALUES ('3', '1', '2019-10-24 10:05:20', '6');
INSERT INTO `asubscribes` VALUES ('4', '1', '2019-11-24 10:05:20', '10');
INSERT INTO `asubscribes` VALUES ('20', '129', '2020-09-05 10:31:30', '6052136');
INSERT INTO `asubscribes` VALUES ('23', '124', '2020-09-05 11:00:39', '6052136');
INSERT INTO `asubscribes` VALUES ('24', '122', '2020-09-05 11:08:05', '6052136');
INSERT INTO `asubscribes` VALUES ('25', '123', '2020-09-05 11:08:36', '6052136');
INSERT INTO `asubscribes` VALUES ('33', '135', '2020-09-06 14:00:03', '6052136');
INSERT INTO `asubscribes` VALUES ('39', '130', '2020-09-06 20:08:29', '6052136');
INSERT INTO `asubscribes` VALUES ('42', '128', '2020-09-06 20:22:57', '6052136');
INSERT INTO `asubscribes` VALUES ('43', '131', '2020-09-06 20:37:35', '6052136');
INSERT INTO `asubscribes` VALUES ('45', '1', '2020-09-07 20:20:46', '6052136');

-- ----------------------------
-- Table structure for `category`
-- ----------------------------
DROP TABLE IF EXISTS `category`;
CREATE TABLE `category` (
  `id` int(11) NOT NULL AUTO_INCREMENT,
  `cateName` varchar(64) DEFAULT NULL,
  `date` date DEFAULT NULL,
  PRIMARY KEY (`id`)
) ENGINE=InnoDB AUTO_INCREMENT=65 DEFAULT CHARSET=utf8;

-- ----------------------------
-- Records of category
-- ----------------------------
INSERT INTO `category` VALUES ('56', 'Vue22', '2017-12-21');
INSERT INTO `category` VALUES ('58', '人生感悟', '2017-12-21');
INSERT INTO `category` VALUES ('60', 'JavaEE', '2017-12-21');
INSERT INTO `category` VALUES ('61', 'Git', '2017-12-21');
INSERT INTO `category` VALUES ('62', 'Linux', '2017-12-21');
INSERT INTO `category` VALUES ('64', 'MongoDB', '2017-12-23');

-- ----------------------------
-- Table structure for `comments`
-- ----------------------------
DROP TABLE IF EXISTS `comments`;
CREATE TABLE `comments` (
  `id` int(11) NOT NULL AUTO_INCREMENT,
  `aid` int(11) DEFAULT NULL,
  `content` text,
  `publishDate` datetime DEFAULT NULL,
  `parentId` int(11) DEFAULT NULL COMMENT '-1表示正常回复，其他值表示是评论的回复',
  `uid` int(11) DEFAULT NULL,
  PRIMARY KEY (`id`),
  KEY `aid` (`aid`),
  KEY `uid` (`uid`),
  KEY `parentId` (`parentId`),
  CONSTRAINT `comments_ibfk_1` FOREIGN KEY (`aid`) REFERENCES `article` (`id`),
  CONSTRAINT `comments_ibfk_2` FOREIGN KEY (`uid`) REFERENCES `user` (`id`)
) ENGINE=InnoDB AUTO_INCREMENT=10 DEFAULT CHARSET=utf8;

-- ----------------------------
-- Records of comments
-- ----------------------------
INSERT INTO `comments` VALUES ('1', '1', '纵使黑云蔽日，我也要燃烧天空，带你找到回家的路', '2019-12-24 10:05:20', '-1', '6052136');
INSERT INTO `comments` VALUES ('2', '1', '火的意志在沸腾', '2020-08-24 10:05:20', '-1', '6052136');
INSERT INTO `comments` VALUES ('3', '1', '德莉莎世界第一可爱', '2020-08-25 15:05:20', '-1', '6');
INSERT INTO `comments` VALUES ('4', '1', 'Neko Charm', '2020-08-24 10:55:20', '-1', '7');
INSERT INTO `comments` VALUES ('5', '1', '奶够翘！', '2020-08-24 11:05:20', '4', '6052136');
INSERT INTO `comments` VALUES ('6', '1', '奶够翘！', '2020-08-24 12:05:20', '4', '6');
INSERT INTO `comments` VALUES ('7', '1', '奶够翘！', '2020-08-24 12:35:20', '4', '7');
INSERT INTO `comments` VALUES ('8', '1', '奶够翘！', '2020-08-24 12:45:20', '4', '10');
INSERT INTO `comments` VALUES ('9', '1', '舰长副本零掉落，舰长补给全保底！', '2020-08-30 12:45:20', '-1', '6052136');

-- ----------------------------
-- Table structure for `csubscribes`
-- ----------------------------
DROP TABLE IF EXISTS `csubscribes`;
CREATE TABLE `csubscribes` (
  `id` int(11) NOT NULL AUTO_INCREMENT,
  `aid` int(11) DEFAULT NULL,
  `cid` int(11) DEFAULT NULL,
  `csubscribeDate` datetime DEFAULT NULL,
  `uid` int(11) DEFAULT NULL,
  PRIMARY KEY (`id`),
  KEY `aid` (`aid`),
  KEY `cid` (`cid`),
  KEY `uid` (`uid`),
  CONSTRAINT `csubscribes_csibfk_1` FOREIGN KEY (`aid`) REFERENCES `article` (`id`),
  CONSTRAINT `csubscribes_csibfk_2` FOREIGN KEY (`cid`) REFERENCES `comments` (`id`),
  CONSTRAINT `csubscribes_csibfk_3` FOREIGN KEY (`uid`) REFERENCES `user` (`id`)
) ENGINE=InnoDB AUTO_INCREMENT=9 DEFAULT CHARSET=utf8;

-- ----------------------------
-- Records of csubscribes
-- ----------------------------
INSERT INTO `csubscribes` VALUES ('1', '1', '1', '2019-12-24 10:05:20', '6052136');
INSERT INTO `csubscribes` VALUES ('2', '1', '1', '2020-12-24 10:05:20', '7');
INSERT INTO `csubscribes` VALUES ('3', '1', '1', '2019-10-24 10:05:20', '6');
INSERT INTO `csubscribes` VALUES ('4', '1', '1', '2019-11-24 10:05:20', '10');
INSERT INTO `csubscribes` VALUES ('5', '1', '4', '2019-11-24 10:05:20', '6052136');
INSERT INTO `csubscribes` VALUES ('6', '1', '9', '2019-11-24 10:05:20', '6');
INSERT INTO `csubscribes` VALUES ('7', '1', '9', '2019-11-24 10:05:20', '7');
INSERT INTO `csubscribes` VALUES ('8', '1', '9', '2019-11-24 10:05:20', '6052136');

-- ----------------------------
-- Table structure for `favorites`
-- ----------------------------
DROP TABLE IF EXISTS `favorites`;
CREATE TABLE `favorites` (
  `id` int(11) NOT NULL AUTO_INCREMENT,
  `aid` int(11) DEFAULT NULL,
  `afavoriteDate` datetime DEFAULT NULL,
  `uid` int(11) DEFAULT NULL,
  PRIMARY KEY (`id`),
  KEY `aid` (`aid`),
  KEY `uid` (`uid`),
  CONSTRAINT `afavorites_ibfk_1` FOREIGN KEY (`aid`) REFERENCES `article` (`id`),
  CONSTRAINT `afavorites_ibfk_2` FOREIGN KEY (`uid`) REFERENCES `user` (`id`)
) ENGINE=InnoDB DEFAULT CHARSET=utf8;

-- ----------------------------
-- Records of favorites
-- ----------------------------

-- ----------------------------
-- Table structure for `forum`
-- ----------------------------
DROP TABLE IF EXISTS `forum`;
CREATE TABLE `forum` (
  `id` int(11) NOT NULL AUTO_INCREMENT,
  `forumname` varchar(64) DEFAULT NULL,
  `forumface` varchar(64) DEFAULT NULL,
  PRIMARY KEY (`id`)
) ENGINE=InnoDB AUTO_INCREMENT=6 DEFAULT CHARSET=utf8;

-- ----------------------------
-- Records of forum
-- ----------------------------
INSERT INTO `forum` VALUES ('1', '大别野', '/img/大别野forum.jpg');
INSERT INTO `forum` VALUES ('2', '崩坏3', '/img/崩坏3forum.jpg');
INSERT INTO `forum` VALUES ('3', '崩坏学园2', '/img/崩坏学园2forum.jpg');
INSERT INTO `forum` VALUES ('4', '原神', '/img/原神forum.jpg');
INSERT INTO `forum` VALUES ('5', '未定事件簿', '/img/未定事件簿forum.jpg');

-- ----------------------------
-- Table structure for `forumgradeexp`
-- ----------------------------
DROP TABLE IF EXISTS `forumgradeexp`;
CREATE TABLE `forumgradeexp` (
  `lv` int(11) NOT NULL AUTO_INCREMENT,
  `exp` int(11) NOT NULL,
  `lvColor` varchar(20) DEFAULT '#000000',
  PRIMARY KEY (`lv`)
) ENGINE=InnoDB AUTO_INCREMENT=17 DEFAULT CHARSET=utf8;

-- ----------------------------
-- Records of forumgradeexp
-- ----------------------------
INSERT INTO `forumgradeexp` VALUES ('1', '0', '#00CC66');
INSERT INTO `forumgradeexp` VALUES ('2', '30', '#00CC66');
INSERT INTO `forumgradeexp` VALUES ('3', '110', '#00CC66');
INSERT INTO `forumgradeexp` VALUES ('4', '290', '#00CC66');
INSERT INTO `forumgradeexp` VALUES ('5', '592', '#0066FF');
INSERT INTO `forumgradeexp` VALUES ('6', '1168', '#0066FF');
INSERT INTO `forumgradeexp` VALUES ('7', '2190', '#0066FF');
INSERT INTO `forumgradeexp` VALUES ('8', '2190', '#0066FF');
INSERT INTO `forumgradeexp` VALUES ('9', '2190', '#6633FF');
INSERT INTO `forumgradeexp` VALUES ('10', '2920', '#6633FF');
INSERT INTO `forumgradeexp` VALUES ('11', '3650', '#6633FF');
INSERT INTO `forumgradeexp` VALUES ('12', '3650', '#6633FF');
INSERT INTO `forumgradeexp` VALUES ('13', '3942', '#FF6600');
INSERT INTO `forumgradeexp` VALUES ('14', '4818', '#FF6600');
INSERT INTO `forumgradeexp` VALUES ('15', '5480', '#FF6600');
INSERT INTO `forumgradeexp` VALUES ('16', '8030', '#FF6600');

-- ----------------------------
-- Table structure for `game`
-- ----------------------------
DROP TABLE IF EXISTS `game`;
CREATE TABLE `game` (
  `id` int(11) NOT NULL AUTO_INCREMENT,
  `gamename` varchar(64) DEFAULT NULL,
  `gameface` varchar(64) DEFAULT NULL,
  PRIMARY KEY (`id`)
) ENGINE=InnoDB AUTO_INCREMENT=5 DEFAULT CHARSET=utf8;

-- ----------------------------
-- Records of game
-- ----------------------------
INSERT INTO `game` VALUES ('1', '崩坏3', '/img/崩坏三.jpg');
INSERT INTO `game` VALUES ('2', '崩坏学园2', '/img/崩坏学园2.jpg');
INSERT INTO `game` VALUES ('3', '原神', '/img/原神.jpg');
INSERT INTO `game` VALUES ('4', '未定事件簿', '/img/未定事件簿.jpg');

-- ----------------------------
-- Table structure for `plate`
-- ----------------------------
DROP TABLE IF EXISTS `plate`;
CREATE TABLE `plate` (
  `id` int(11) NOT NULL AUTO_INCREMENT,
  `platename` varchar(64) DEFAULT NULL,
  `fid` int(11) NOT NULL,
  `isArticle` int(11) NOT NULL,
  PRIMARY KEY (`id`),
  KEY `plate_fidfk` (`fid`),
  CONSTRAINT `plate_fidfk` FOREIGN KEY (`fid`) REFERENCES `forum` (`id`)
) ENGINE=InnoDB AUTO_INCREMENT=15 DEFAULT CHARSET=utf8;

-- ----------------------------
-- Records of plate
-- ----------------------------
INSERT INTO `plate` VALUES ('1', '日常', '1', '1');
INSERT INTO `plate` VALUES ('2', '同人', '1', '0');
INSERT INTO `plate` VALUES ('3', 'ACG', '1', '1');
INSERT INTO `plate` VALUES ('4', '甲板', '2', '1');
INSERT INTO `plate` VALUES ('5', '攻略', '2', '1');
INSERT INTO `plate` VALUES ('6', '同人图', '2', '0');
INSERT INTO `plate` VALUES ('7', '同人文', '2', '1');
INSERT INTO `plate` VALUES ('8', '学园', '3', '1');
INSERT INTO `plate` VALUES ('9', '图区', '3', '0');
INSERT INTO `plate` VALUES ('10', '酒馆', '4', '1');
INSERT INTO `plate` VALUES ('11', '图区', '4', '0');
INSERT INTO `plate` VALUES ('12', '律所', '5', '1');
INSERT INTO `plate` VALUES ('13', '同人图', '5', '0');
INSERT INTO `plate` VALUES ('14', '同人文', '5', '1');

-- ----------------------------
-- Table structure for `pv`
-- ----------------------------
DROP TABLE IF EXISTS `pv`;
CREATE TABLE `pv` (
  `id` int(11) NOT NULL AUTO_INCREMENT,
  `countDate` date DEFAULT NULL,
  `pv` int(11) DEFAULT NULL,
  `uid` int(11) DEFAULT NULL,
  PRIMARY KEY (`id`),
  KEY `pv_ibfk_1` (`uid`),
  CONSTRAINT `pv_ibfk_1` FOREIGN KEY (`uid`) REFERENCES `user` (`id`) ON DELETE CASCADE
) ENGINE=InnoDB AUTO_INCREMENT=28 DEFAULT CHARSET=utf8;

-- ----------------------------
-- Records of pv
-- ----------------------------
INSERT INTO `pv` VALUES ('1', '2017-12-24', '20', '6');
INSERT INTO `pv` VALUES ('2', '2017-12-24', '14', '7');
INSERT INTO `pv` VALUES ('4', '2017-12-25', '40', '6');
INSERT INTO `pv` VALUES ('5', '2017-12-25', '23', '7');
INSERT INTO `pv` VALUES ('6', '2017-12-26', '11', '6');
INSERT INTO `pv` VALUES ('7', '2017-12-26', '32', '7');
INSERT INTO `pv` VALUES ('26', '2017-12-23', '2', '6');
INSERT INTO `pv` VALUES ('27', '2017-12-23', '77', '7');

-- ----------------------------
-- Table structure for `roles`
-- ----------------------------
DROP TABLE IF EXISTS `roles`;
CREATE TABLE `roles` (
  `id` int(11) NOT NULL AUTO_INCREMENT,
  `name` varchar(32) DEFAULT NULL,
  PRIMARY KEY (`id`)
) ENGINE=InnoDB AUTO_INCREMENT=6 DEFAULT CHARSET=utf8;

-- ----------------------------
-- Records of roles
-- ----------------------------
INSERT INTO `roles` VALUES ('1', '超级管理员');
INSERT INTO `roles` VALUES ('2', '普通用户');
INSERT INTO `roles` VALUES ('3', '测试角色1');
INSERT INTO `roles` VALUES ('4', '测试角色2');
INSERT INTO `roles` VALUES ('5', '测试角色3');

-- ----------------------------
-- Table structure for `roles_user`
-- ----------------------------
DROP TABLE IF EXISTS `roles_user`;
CREATE TABLE `roles_user` (
  `id` int(11) NOT NULL AUTO_INCREMENT,
  `rid` int(11) DEFAULT '2',
  `uid` int(11) DEFAULT NULL,
  PRIMARY KEY (`id`),
  KEY `rid` (`rid`),
  KEY `roles_user_ibfk_2` (`uid`),
  CONSTRAINT `roles_user_ibfk_1` FOREIGN KEY (`rid`) REFERENCES `roles` (`id`),
  CONSTRAINT `roles_user_ibfk_2` FOREIGN KEY (`uid`) REFERENCES `user` (`id`) ON DELETE CASCADE
) ENGINE=InnoDB AUTO_INCREMENT=18 DEFAULT CHARSET=utf8;

-- ----------------------------
-- Records of roles_user
-- ----------------------------
INSERT INTO `roles_user` VALUES ('1', '1', '6052136');
INSERT INTO `roles_user` VALUES ('8', '2', '7');
INSERT INTO `roles_user` VALUES ('9', '1', '7');
INSERT INTO `roles_user` VALUES ('17', '5', '7');

-- ----------------------------
-- Table structure for `subscribe`
-- ----------------------------
DROP TABLE IF EXISTS `subscribe`;
CREATE TABLE `subscribe` (
  `id` int(11) NOT NULL AUTO_INCREMENT,
  `aid` int(11) NOT NULL,
  `bid` int(11) NOT NULL,
  `subscribeDate` datetime DEFAULT NULL,
  PRIMARY KEY (`id`),
  KEY `subscribe_afk` (`aid`),
  KEY `subscribe_bfk` (`bid`),
  CONSTRAINT `subscribe_afk` FOREIGN KEY (`aid`) REFERENCES `user` (`id`),
  CONSTRAINT `subscribe_bfk` FOREIGN KEY (`bid`) REFERENCES `user` (`id`)
) ENGINE=InnoDB AUTO_INCREMENT=41 DEFAULT CHARSET=utf8;

-- ----------------------------
-- Records of subscribe
-- ----------------------------
INSERT INTO `subscribe` VALUES ('12', '7', '6', '2020-08-24 11:05:20');
INSERT INTO `subscribe` VALUES ('13', '10', '6052136', '2020-08-24 10:05:20');
INSERT INTO `subscribe` VALUES ('14', '13', '6052136', '2020-08-24 11:05:40');
INSERT INTO `subscribe` VALUES ('15', '14', '6052136', '2020-08-24 19:05:20');
INSERT INTO `subscribe` VALUES ('16', '19', '6052136', '2020-08-24 11:55:50');
INSERT INTO `subscribe` VALUES ('29', '6052136', '9', '2020-09-05 16:16:29');
INSERT INTO `subscribe` VALUES ('31', '6052136', '11', '2020-09-05 16:16:31');
INSERT INTO `subscribe` VALUES ('32', '6052136', '12', '2020-09-05 16:16:32');
INSERT INTO `subscribe` VALUES ('33', '6052136', '13', '2020-09-05 16:16:33');
INSERT INTO `subscribe` VALUES ('37', '6052136', '10', '2020-09-05 20:35:05');
INSERT INTO `subscribe` VALUES ('39', '6052136', '1', '2020-09-06 02:17:30');

-- ----------------------------
-- Table structure for `subscribes`
-- ----------------------------
DROP TABLE IF EXISTS `subscribes`;
CREATE TABLE `subscribes` (
  `id` int(11) NOT NULL AUTO_INCREMENT,
  `aid` int(11) DEFAULT NULL,
  `asubscribeDate` datetime DEFAULT NULL,
  `uid` int(11) DEFAULT NULL,
  PRIMARY KEY (`id`),
  KEY `aid` (`aid`),
  KEY `uid` (`uid`),
  CONSTRAINT `asubscribes_ibfk_1` FOREIGN KEY (`aid`) REFERENCES `article` (`id`),
  CONSTRAINT `asubscribes_ibfk_2` FOREIGN KEY (`uid`) REFERENCES `user` (`id`)
) ENGINE=InnoDB DEFAULT CHARSET=utf8;

-- ----------------------------
-- Records of subscribes
-- ----------------------------

-- ----------------------------
-- Table structure for `tags`
-- ----------------------------
DROP TABLE IF EXISTS `tags`;
CREATE TABLE `tags` (
  `id` int(11) NOT NULL AUTO_INCREMENT,
  `tagName` varchar(32) DEFAULT NULL,
  PRIMARY KEY (`id`),
  UNIQUE KEY `tagName` (`tagName`)
) ENGINE=InnoDB DEFAULT CHARSET=utf8;

-- ----------------------------
-- Records of tags
-- ----------------------------

-- ----------------------------
-- Table structure for `topic`
-- ----------------------------
DROP TABLE IF EXISTS `topic`;
CREATE TABLE `topic` (
  `id` int(11) NOT NULL AUTO_INCREMENT,
  `topicname` varchar(64) DEFAULT NULL,
  `pid` int(11) NOT NULL,
  `topicface` varchar(255) DEFAULT NULL,
  `topicSignature` text COMMENT '话题签名',
  `viewCount` int(11) DEFAULT '0',
  PRIMARY KEY (`id`),
  KEY `topic_pidfk` (`pid`),
  CONSTRAINT `topic_pidfk` FOREIGN KEY (`pid`) REFERENCES `plate` (`id`)
) ENGINE=InnoDB AUTO_INCREMENT=73 DEFAULT CHARSET=utf8;

-- ----------------------------
-- Records of topic
-- ----------------------------
INSERT INTO `topic` VALUES ('1', '全部', '1', '/img/吼姆1.jpg', '话题签名', '1000');
INSERT INTO `topic` VALUES ('2', '泳池', '1', '/img/吼姆1.jpg', '话题签名', '1000');
INSERT INTO `topic` VALUES ('3', '生活情感', '1', '/img/吼姆1.jpg', '话题签名', '1000');
INSERT INTO `topic` VALUES ('4', '暑期管理大师', '1', '/img/吼姆1.jpg', '话题签名', '1000');
INSERT INTO `topic` VALUES ('5', '米游社建议&反馈', '1', '/img/吼姆1.jpg', '话题签名', '1000');
INSERT INTO `topic` VALUES ('6', '家有萌主', '1', '/img/吼姆1.jpg', '话题签名', '1000');
INSERT INTO `topic` VALUES ('7', '雨天随手拍', '1', '/img/吼姆1.jpg', '话题签名', '1000');
INSERT INTO `topic` VALUES ('8', '全部', '2', '/img/吼姆1.jpg', '话题签名', '1000');
INSERT INTO `topic` VALUES ('9', '画师大触', '2', '/img/吼姆1.jpg', '话题签名', '1000');
INSERT INTO `topic` VALUES ('10', 'cosplay', '2', '/img/吼姆1.jpg', '话题签名', '1000');
INSERT INTO `topic` VALUES ('11', '全部', '3', '/img/吼姆1.jpg', '话题签名', '1000');
INSERT INTO `topic` VALUES ('12', '游戏交流', '3', '/img/吼姆1.jpg', '话题签名', '1000');
INSERT INTO `topic` VALUES ('13', '动漫杂谈', '3', '/img/吼姆1.jpg', '话题签名', '1000');
INSERT INTO `topic` VALUES ('14', '七月新番讨论会', '3', '/img/吼姆1.jpg', '话题签名', '1000');
INSERT INTO `topic` VALUES ('15', '全部', '4', '/img/崩坏三.jpg', '话题签名', '1000');
INSERT INTO `topic` VALUES ('16', '每日崩坏', '4', '/img/崩坏三.jpg', '话题签名', '1000');
INSERT INTO `topic` VALUES ('18', '互助问答', '4', '/img/崩坏三.jpg', '话题签名', '1000');
INSERT INTO `topic` VALUES ('19', '崩学家', '4', '/img/崩坏三.jpg', '话题签名', '1000');
INSERT INTO `topic` VALUES ('20', '海豹上岸', '4', '/img/崩坏三.jpg', '话题签名', '1000');
INSERT INTO `topic` VALUES ('21', '崩坏3开发组', '4', '/img/崩坏三.jpg', '话题签名', '1000');
INSERT INTO `topic` VALUES ('22', '嘤嘤嘤', '4', '/img/崩坏三.jpg', '话题签名', '1000');
INSERT INTO `topic` VALUES ('23', '测试服', '4', '/img/崩坏三.jpg', '话题签名', '1000');
INSERT INTO `topic` VALUES ('24', '崩坏3桌面版', '4', '/img/崩坏三.jpg', '话题签名', '1000');
INSERT INTO `topic` VALUES ('25', '社区活动', '4', '/img/崩坏三.jpg', '话题签名', '1000');
INSERT INTO `topic` VALUES ('26', '神州折剑录', '4', '/img/崩坏三.jpg', '话题签名', '1000');
INSERT INTO `topic` VALUES ('27', '全部', '5', '/img/崩坏三.jpg', '话题签名', '1000');
INSERT INTO `topic` VALUES ('28', '推荐话题', '5', '/img/崩坏三.jpg', '话题签名', '1000');
INSERT INTO `topic` VALUES ('29', '萌新指南', '5', '/img/崩坏三.jpg', '话题签名', '1000');
INSERT INTO `topic` VALUES ('30', '战场深渊', '5', '/img/崩坏三.jpg', '话题签名', '1000');
INSERT INTO `topic` VALUES ('31', '配装', '5', '/img/崩坏三.jpg', '话题签名', '1000');
INSERT INTO `topic` VALUES ('32', '活动', '5', '/img/崩坏三.jpg', '话题签名', '1000');
INSERT INTO `topic` VALUES ('33', '全部', '10', '/img/原神.jpg', '话题签名', '1000');
INSERT INTO `topic` VALUES ('34', '吐槽集中地', '10', '/img/原神.jpg', '话题签名', '1000');
INSERT INTO `topic` VALUES ('35', '启程测试', '10', '/img/原神.jpg', '话题签名', '1000');
INSERT INTO `topic` VALUES ('36', '游戏心得', '10', '/img/原神.jpg', '话题签名', '1000');
INSERT INTO `topic` VALUES ('37', '启程测试攻略', '10', '/img/原神.jpg', '话题签名', '1000');
INSERT INTO `topic` VALUES ('38', '提瓦特小报', '10', '/img/原神.jpg', '话题签名', '1000');
INSERT INTO `topic` VALUES ('39', '冒险手记', '10', '/img/原神.jpg', '话题签名', '1000');
INSERT INTO `topic` VALUES ('40', '启程测试反馈', '10', '/img/原神.jpg', '话题签名', '1000');
INSERT INTO `topic` VALUES ('41', '掩月之辰', '10', '/img/原神.jpg', '话题签名', '1000');
INSERT INTO `topic` VALUES ('42', '炽热新星', '10', '/img/原神.jpg', '话题签名', '1000');
INSERT INTO `topic` VALUES ('43', '可莉日常大揭秘', '10', '/img/原神.jpg', '话题签名', '1000');
INSERT INTO `topic` VALUES ('44', '全部', '11', '/img/原神.jpg', '话题签名', '1000');
INSERT INTO `topic` VALUES ('45', '同人绘画', '11', '/img/原神.jpg', '话题签名', '1000');
INSERT INTO `topic` VALUES ('46', '草图进行时', '11', '/img/原神.jpg', '话题签名', '1000');
INSERT INTO `topic` VALUES ('47', '表情包', '11', '/img/原神.jpg', '话题签名', '1000');
INSERT INTO `topic` VALUES ('48', '全部', '12', '/img/未定事件簿.jpg', '话题签名', '1000');
INSERT INTO `topic` VALUES ('49', '律所茶水间', '12', '/img/未定事件簿.jpg', '话题签名', '1000');
INSERT INTO `topic` VALUES ('50', '路景和', '12', '/img/未定事件簿.jpg', '话题签名', '1000');
INSERT INTO `topic` VALUES ('51', '全员', '12', '/img/未定事件簿.jpg', '话题签名', '1000');
INSERT INTO `topic` VALUES ('52', '左然', '12', '/img/未定事件簿.jpg', '话题签名', '1000');
INSERT INTO `topic` VALUES ('53', '游戏建议', '12', '/img/未定事件簿.jpg', '话题签名', '1000');
INSERT INTO `topic` VALUES ('54', '莫弈', '12', '/img/未定事件簿.jpg', '话题签名', '1000');
INSERT INTO `topic` VALUES ('55', '未学家', '12', '/img/未定事件簿.jpg', '话题签名', '1000');
INSERT INTO `topic` VALUES ('56', '公测开启', '12', '/img/未定事件簿.jpg', '话题签名', '1000');
INSERT INTO `topic` VALUES ('57', '夏彦', '12', '/img/未定事件簿.jpg', '话题签名', '1000');
INSERT INTO `topic` VALUES ('58', '心弦铃音', '12', '/img/未定事件簿.jpg', '话题签名', '1000');
INSERT INTO `topic` VALUES ('59', '全部', '13', '/img/未定事件簿.jpg', '话题签名', '1000');
INSERT INTO `topic` VALUES ('60', '律所茶水间', '13', '/img/未定事件簿.jpg', '话题签名', '1000');
INSERT INTO `topic` VALUES ('61', '路景和', '13', '/img/未定事件簿.jpg', '话题签名', '1000');
INSERT INTO `topic` VALUES ('62', '全员', '13', '/img/未定事件簿.jpg', '话题签名', '1000');
INSERT INTO `topic` VALUES ('63', '左然', '13', '/img/未定事件簿.jpg', '话题签名', '1000');
INSERT INTO `topic` VALUES ('64', '莫弈', '13', '/img/未定事件簿.jpg', '话题签名', '1000');
INSERT INTO `topic` VALUES ('65', '夏彦', '13', '/img/未定事件簿.jpg', '话题签名', '1000');
INSERT INTO `topic` VALUES ('66', '全部', '14', '/img/未定事件簿.jpg', '话题签名', '1000');
INSERT INTO `topic` VALUES ('67', '律所茶水间', '14', '/img/未定事件簿.jpg', '话题签名', '1000');
INSERT INTO `topic` VALUES ('68', '路景和', '14', '/img/未定事件簿.jpg', '话题签名', '1000');
INSERT INTO `topic` VALUES ('69', '全员', '14', '/img/未定事件簿.jpg', '话题签名', '1000');
INSERT INTO `topic` VALUES ('70', '左然', '14', '/img/未定事件簿.jpg', '话题签名', '1000');
INSERT INTO `topic` VALUES ('71', '莫弈', '14', '/img/未定事件簿.jpg', '话题签名', '1000');
INSERT INTO `topic` VALUES ('72', '夏彦', '14', '/img/未定事件簿.jpg', '话题签名', '1000');

-- ----------------------------
-- Table structure for `user`
-- ----------------------------
DROP TABLE IF EXISTS `user`;
CREATE TABLE `user` (
  `id` int(11) NOT NULL AUTO_INCREMENT,
  `username` varchar(64) DEFAULT NULL,
  `nickname` varchar(64) DEFAULT NULL,
  `password` varchar(255) DEFAULT NULL,
  `enabled` tinyint(1) DEFAULT '1',
  `email` varchar(64) DEFAULT NULL,
  `userface` varchar(255) DEFAULT NULL,
  `regTime` datetime DEFAULT NULL,
  `userSex` int(11) DEFAULT '0' COMMENT '0男生，1女生，2保密',
  `userSignature` text COMMENT '个性签名',
  `miyoubiCount` int(11) DEFAULT NULL COMMENT '米游币数量',
  `userPhone` varchar(255) DEFAULT NULL,
  PRIMARY KEY (`id`)
) ENGINE=InnoDB AUTO_INCREMENT=6052137 DEFAULT CHARSET=utf8;

-- ----------------------------
-- Records of user
-- ----------------------------
INSERT INTO `user` VALUES ('1', 'kiana', '琪亚娜', '202cb962ac59075b964b07152d234b70', '1', '1594202958@qq.com', '/img/kiana-avatar.jpg', '2017-12-08 09:30:22', '1', '光翼展开~,全部', '200', '12345789');
INSERT INTO `user` VALUES ('2', 'mei', '芽衣', '202cb962ac59075b964b07152d234b70', '1', '1594202958@qq.com', '/img/mei-avatar.jpg', '2017-12-21 13:30:29', '1', '我绝不会抛下你的，就像你也从未抛弃过我一样！,全部', '200', '12345789');
INSERT INTO `user` VALUES ('3', 'bronya', '布洛妮娅', '202cb962ac59075b964b07152d234b70', '1', '1594202958@qq.com', '/img/bronya-avatar.jpg', '2017-12-24 06:30:46', '1', '重装小兔，fire~,全部', '200', '12345789');
INSERT INTO `user` VALUES ('4', 'himeko', '姬子', '202cb962ac59075b964b07152d234b70', '0', '1594202958@qq.com', '/img/himeko-avatar.jpg', '2017-12-24 06:30:46', '1', '烈焰焚尽~,全部', '200', '12345789');
INSERT INTO `user` VALUES ('5', 'theresa', '德莉莎', '202cb962ac59075b964b07152d234b70', '0', '1594202958@qq.com', '/img/theresa-avatar.jpg', '2017-12-24 06:30:46', '1', 'TeRiRi世界第一可爱~,全部', '200', '12345789');
INSERT INTO `user` VALUES ('6', 'hua', '符华', '202cb962ac59075b964b07152d234b70', '1', '1594202958@qq.com', '/img/hua-avatar.jpg', '2017-12-24 06:30:46', '1', '寸劲·开天~,全部', '200', '12345789');
INSERT INTO `user` VALUES ('7', 'rita', '丽塔', '202cb962ac59075b964b07152d234b70', '1', '1594202958@qq.com', '/img/rita-avatar.jpg', '2017-12-24 06:30:46', '1', '舰长对我工作的内容很感兴趣吗~,全部', '200', '12345789');
INSERT INTO `user` VALUES ('8', 'sakura', '八重樱', '202cb962ac59075b964b07152d234b70', '0', '1594202958@qq.com', '/img/sakura-avatar.jpg', '2017-12-24 06:30:46', '1', '舰长副本零掉落，舰长补给全保底~,全部', '200', '12345789');
INSERT INTO `user` VALUES ('9', 'kallen', '卡莲', '202cb962ac59075b964b07152d234b70', '1', '1594202958@qq.com', '/img/kallen-avatar.jpg', '2017-12-24 06:30:46', '1', '买菜时间~,全部', '200', '12345789');
INSERT INTO `user` VALUES ('10', 'rozaliya', '萝莎莉娅', '202cb962ac59075b964b07152d234b70', '1', '1594202958@qq.com', '/img/rozaliya-avatar.jpg', '2017-12-24 06:30:46', '1', '超级头槌~,全部', '200', '12345789');
INSERT INTO `user` VALUES ('11', 'liliya', '莉莉娅', '202cb962ac59075b964b07152d234b70', '1', '1594202958@qq.com', '/img/liliya-avatar.jpg', '2017-12-24 06:30:46', '1', '变成星星吧~,全部', '200', '12345789');
INSERT INTO `user` VALUES ('12', 'seele', '希儿', '202cb962ac59075b964b07152d234b70', '1', '1594202958@qq.com', '/img/seele-avatar.jpg', '2017-12-24 06:30:46', '1', '拜托了，另一个我~,全部', '200', '12345789');
INSERT INTO `user` VALUES ('13', 'durandal', '幽兰黛尔', '202cb962ac59075b964b07152d234b70', '1', '1594202958@qq.com', '/img/durandal-avatar.jpg', '2017-12-24 06:30:46', '1', '系统原装签名，给每一位小可爱~,全部', '200', '12345789');
INSERT INTO `user` VALUES ('14', 'feiyuwan', '绯玉丸', '202cb962ac59075b964b07152d234b70', '1', '1594202958@qq.com', '/img/feiyuwan-avatar.jpg', '2017-12-24 06:30:46', '1', '大姐，你回来了~,全部', '200', '12345789');
INSERT INTO `user` VALUES ('15', 'ai', '爱酱', '202cb962ac59075b964b07152d234b70', '1', '1594202958@qq.com', '/img/ai-avatar.jpg', '2017-12-24 06:30:46', '1', '爱酱，世界第一可爱~', '200', '12345789');
INSERT INTO `user` VALUES ('16', 'otto', '奥托', '202cb962ac59075b964b07152d234b70', '1', '1594202958@qq.com', '/img/otto-avatar.jpg', '2017-12-24 06:30:46', '1', '系统原装签名，给每一位小可爱~', '200', '12345789');
INSERT INTO `user` VALUES ('17', 'einstein', '爱因斯坦', '202cb962ac59075b964b07152d234b70', '1', '1594202958@qq.com', '/img/einstein-avatar.jpg', '2017-12-24 06:30:46', '1', '系统原装签名，给每一位小可爱~', '200', '12345789');
INSERT INTO `user` VALUES ('18', 'tesla', '特斯拉', '202cb962ac59075b964b07152d234b70', '1', '1594202958@qq.com', '/img/tesla-avatar.jpg', '2017-12-24 06:30:46', '1', '系统原装签名，给每一位小可爱~', '200', '12345789');
INSERT INTO `user` VALUES ('19', 'natasha', '渡鸦', '202cb962ac59075b964b07152d234b70', '1', '1594202958@qq.com', '/img/natasha-avatar.jpg', '2017-12-24 06:30:46', '1', '小岛，别墅~', '200', '12345789');
INSERT INTO `user` VALUES ('20', 'zhanche', '理之律者', '202cb962ac59075b964b07152d234b70', '1', '1594202958@qq.com', '/img/zhanche-avatar.jpg', '2017-12-24 06:30:46', '1', '重装小兔，ride on~', '200', '12345789');
INSERT INTO `user` VALUES ('21', 'bailian', '空之律者', '202cb962ac59075b964b07152d234b70', '1', '1594202958@qq.com', '/img/bailian-avatar.jpg', '2017-12-24 06:30:46', '1', '此刻正是审判之时~', '200', '12345789');
INSERT INTO `user` VALUES ('22', 'feihong', '雷之律者', '202cb962ac59075b964b07152d234b70', '1', '1594202958@qq.com', '/img/feihong-avatar.jpg', '2017-12-24 06:30:46', '1', '狂风，臣服于我~', '200', '12345789');
INSERT INTO `user` VALUES ('6052136', 'wzs', '若鸿似鹄', '202cb962ac59075b964b07152d234b70', '1', '1594202958@qq.com', '/img/avatar/u=3868181195,2709755983&fm=26&gp=0.jpg', '2020-08-15 00:00:00', '2', '叮叮叮叮~,全部', '250', '12345789');

-- ----------------------------
-- Table structure for `userforum`
-- ----------------------------
DROP TABLE IF EXISTS `userforum`;
CREATE TABLE `userforum` (
  `id` int(11) NOT NULL AUTO_INCREMENT,
  `uid` int(11) NOT NULL,
  `fid` int(11) NOT NULL,
  `uForumGrade` int(11) NOT NULL DEFAULT '1',
  `uForumExperience` int(11) DEFAULT '0',
  PRIMARY KEY (`id`),
  KEY `userforum_uidfk` (`uid`),
  KEY `userforum_fidfk` (`fid`),
  CONSTRAINT `userforum_fidfk` FOREIGN KEY (`fid`) REFERENCES `forum` (`id`),
  CONSTRAINT `userforum_uidfk` FOREIGN KEY (`uid`) REFERENCES `user` (`id`)
) ENGINE=InnoDB AUTO_INCREMENT=6 DEFAULT CHARSET=utf8;

-- ----------------------------
-- Records of userforum
-- ----------------------------
INSERT INTO `userforum` VALUES ('1', '6052136', '1', '5', '108');
INSERT INTO `userforum` VALUES ('2', '6052136', '2', '4', '55');
INSERT INTO `userforum` VALUES ('3', '6052136', '3', '3', '77');
INSERT INTO `userforum` VALUES ('4', '6052136', '4', '2', '8');
INSERT INTO `userforum` VALUES ('5', '6052136', '5', '1', '0');

-- ----------------------------
-- Table structure for `usergame`
-- ----------------------------
DROP TABLE IF EXISTS `usergame`;
CREATE TABLE `usergame` (
  `id` int(11) NOT NULL AUTO_INCREMENT,
  `uid` int(11) NOT NULL,
  `gid` int(11) NOT NULL,
  `uCharaGrade` int(11) NOT NULL DEFAULT '1',
  `uCharaUid` int(11) DEFAULT NULL,
  `uCharaName` varchar(64) DEFAULT '杀手',
  `isDefaultChara` int(11) DEFAULT '0' COMMENT '1表示默认角色，0表示非默认角色。',
  `uChannel` varchar(11) DEFAULT NULL,
  `verCode` int(11) DEFAULT NULL,
  PRIMARY KEY (`id`),
  KEY `usergame_uidfk` (`uid`),
  KEY `usergame_gidfk` (`gid`),
  CONSTRAINT `usergame_gidfk` FOREIGN KEY (`gid`) REFERENCES `game` (`id`),
  CONSTRAINT `usergame_uidfk` FOREIGN KEY (`uid`) REFERENCES `user` (`id`)
) ENGINE=InnoDB AUTO_INCREMENT=3 DEFAULT CHARSET=utf8;

-- ----------------------------
-- Records of usergame
-- ----------------------------
INSERT INTO `usergame` VALUES ('1', '6052136', '1', '85', '13863503', '杀手', '1', '安卓1服', '0');
INSERT INTO `usergame` VALUES ('2', '6052136', '3', '999', '12345678', '丁丁', '0', '安卓', '0');

-- ----------------------------
-- Table structure for `usershipaddress`
-- ----------------------------
DROP TABLE IF EXISTS `usershipaddress`;
CREATE TABLE `usershipaddress` (
  `id` int(11) NOT NULL AUTO_INCREMENT,
  `uid` int(11) NOT NULL,
  `uRealname` varchar(64) DEFAULT NULL,
  `shipAddress` varchar(255) DEFAULT NULL,
  `detailShipAddress` varchar(255) DEFAULT NULL,
  `uAreaCode` varchar(11) DEFAULT NULL,
  `uPhone` varchar(20) DEFAULT NULL,
  `isDefaultShipAddr` int(11) DEFAULT '0' COMMENT '1表示默认地址，0表示非默认地址。',
  PRIMARY KEY (`id`),
  KEY `userShipAddress_uidfk` (`uid`),
  CONSTRAINT `userShipAddress_uidfk` FOREIGN KEY (`uid`) REFERENCES `user` (`id`)
) ENGINE=InnoDB AUTO_INCREMENT=3 DEFAULT CHARSET=utf8;

-- ----------------------------
-- Records of usershipaddress
-- ----------------------------
INSERT INTO `usershipaddress` VALUES ('1', '6052136', '王忠善', '安徽 合肥', '*****************合肥*********', '+86', '17862708336', '1');
INSERT INTO `usershipaddress` VALUES ('2', '6052136', 'wzzs', '山东 临沂', '*************道托 马旺', '+86', '17862708336', '0');

-- ----------------------------
-- Table structure for `usertopics`
-- ----------------------------
DROP TABLE IF EXISTS `usertopics`;
CREATE TABLE `usertopics` (
  `id` int(11) NOT NULL AUTO_INCREMENT,
  `uid` int(11) NOT NULL,
  `tid` int(11) NOT NULL,
  PRIMARY KEY (`id`),
  KEY `uid` (`uid`),
  KEY `tid` (`tid`),
  CONSTRAINT `userTopics_tidfk` FOREIGN KEY (`tid`) REFERENCES `topic` (`id`),
  CONSTRAINT `userTopics_uidfk` FOREIGN KEY (`uid`) REFERENCES `user` (`id`)
) ENGINE=InnoDB AUTO_INCREMENT=25 DEFAULT CHARSET=utf8;

-- ----------------------------
-- Records of usertopics
-- ----------------------------
INSERT INTO `usertopics` VALUES ('17', '6052136', '8');
INSERT INTO `usertopics` VALUES ('18', '6052136', '11');
INSERT INTO `usertopics` VALUES ('19', '6052136', '15');
INSERT INTO `usertopics` VALUES ('20', '6052136', '27');
INSERT INTO `usertopics` VALUES ('21', '6052136', '33');
INSERT INTO `usertopics` VALUES ('22', '6052136', '44');
INSERT INTO `usertopics` VALUES ('23', '6052136', '48');
INSERT INTO `usertopics` VALUES ('24', '6052136', '1');

-- ----------------------------
-- View structure for `pvview`
-- ----------------------------
DROP VIEW IF EXISTS `pvview`;
CREATE ALGORITHM=UNDEFINED DEFINER=`root`@`localhost` SQL SECURITY DEFINER VIEW `pvview` AS select sum(`pv`.`pv`) AS `pv`,`pv`.`uid` AS `uid` from `pv` group by `pv`.`uid` ;

-- ----------------------------
-- View structure for `totalpvview`
-- ----------------------------
DROP VIEW IF EXISTS `totalpvview`;
CREATE ALGORITHM=UNDEFINED DEFINER=`root`@`localhost` SQL SECURITY DEFINER VIEW `totalpvview` AS select sum(`a`.`pageView`) AS `totalPv`,`a`.`uid` AS `uid` from `article` `a` group by `a`.`uid` ;
